,timestamp,we,es,se,ew
1790,4.972222,356.629251471462,19.4558431523115,60.9962291847207,106.839216674973
1791,4.975,356.611407166378,19.4390530813261,60.8589202060207,106.905032386706
1792,4.977778,356.593559678478,19.4222555277875,60.7214359247168,106.970875121267
1793,4.980556,356.581557651015,19.3783290095083,60.6477186181187,107.018318640836
1794,4.983333,356.583007533943,19.3500243429069,60.5336210958492,107.085164053917
1795,4.986111,356.584458519465,19.3217128158734,60.4194146379801,107.152150385923
1796,4.988889,356.590490553957,19.3227023194282,60.3096927998066,107.226164328227
1797,4.991667,356.576450466076,19.2833191618471,60.1876135857141,107.316869170665
1798,4.994444,356.562413547468,19.2439409363086,60.0655327801482,107.407575161365
1799,4.997222,356.554735285829,19.2154273937752,59.9322228112445,107.46315787549
1800,5,356.390901694765,18.8972778591821,59.9812861123293,107.529315606252
1801,5.002778,356.227622032448,18.5780697975964,60.0319559361477,107.595481450914
1802,5.005556,356.674104124139,19.2001242800487,59.639729876444,107.665362811141
1803,5.008333,356.354380897936,18.5996446580116,59.7876752992485,107.760111766466
1804,5.011111,356.38324907917,18.6307384894734,59.6270100291341,107.848000391569
1805,5.013889,356.412100803349,18.6618239386549,59.4662748512671,107.93593162694
1806,5.016667,356.440936084072,18.6929010285594,59.3054717998694,108.023903570319
1807,5.019444,356.415181942012,18.6552045980144,59.1771071402963,108.104030057377
1808,5.022222,356.389423105137,18.6174863585783,59.0484715014396,108.184446006936
1809,5.025,356.363668846088,18.5797598729625,58.919612611469,108.265121282051
1810,5.027778,356.323314013881,18.501260232341,58.8497151133765,108.33707229565
1811,5.030556,356.282976762286,18.4227006007094,58.7799268183603,108.408948102623
1812,5.033333,356.242671597193,18.3441091854339,58.7102739543803,108.48072181551
1813,5.036111,356.253171580494,18.3212000826449,58.5720966278817,108.540443636051
1814,5.038889,356.2041189413,18.2474252822723,58.4767516311018,108.618550328783
1815,5.041667,356.155120987608,18.1735967052711,58.381478455986,108.696717581313
1816,5.044444,356.218716613894,18.1930816703636,58.3111824112211,108.773178600546
1817,5.047222,356.208685566262,18.1435723348426,58.2444630444607,108.846761238429
1818,5.05,356.198654906612,18.0940813146494,58.1777015840247,108.920327749129
1819,5.052778,356.20530745158,18.0437671228424,58.072335282231,108.965894838145
1820,5.055556,356.182354842739,16.5857472476795,59.4618340663413,108.963975041974
1821,5.058333,356.15942684047,15.1059644263058,60.8749590764288,108.960191935137
1822,5.061111,356.672036415533,16.4663042192179,59.9081711157614,109.033467580068
1823,5.063889,356.672278611633,16.4059408427523,59.8447975458861,109.118285368831
1824,5.066667,356.672521220066,16.3456512937225,59.7813338250932,109.203119584465
1825,5.069444,356.1062426378,14.9046581241062,60.4908186642604,109.361612021256
1826,5.072222,356.181078265316,14.905084393806,60.3560954956635,109.476506021706
1827,5.075,356.255907664839,14.9055125729659,60.2213255080498,109.59147148265
1828,5.077778,356.255602710378,14.8668703742534,60.2995590151369,109.464985029403
1829,5.080556,356.255297706902,14.8286644633969,60.3774757568445,109.338357712912
1830,5.083333,356.254992764219,14.7909010651145,60.4550556539784,109.211635079846
1831,5.086111,356.247384428194,14.7427930733355,60.3343250392639,109.293237039994
1832,5.088889,356.239776140364,14.6946789346964,60.2134612561573,109.374986322306
1833,5.091667,356.232167900864,14.6465586916489,60.0924666962232,109.456880811615
1834,5.094444,356.200901920688,14.582740440512,60.0100188821966,109.520491741607
1835,5.097222,356.169620959865,14.5188933510767,59.9274824301937,109.584118155191
1836,5.1,356.138336242138,14.4550404509362,59.8448883353433,109.647735884928
1837,5.102778,356.133331848253,14.2414779504794,59.8366707406556,109.76697076148
1838,5.105556,356.128328119754,14.026530754735,59.8306602945903,109.885367714589
1839,5.108333,356.123326857396,13.8102695604239,59.8268673405085,110.002883281054
1840,5.111111,356.133548018895,13.7959563244564,59.723485784151,110.039970103013
1841,5.113889,356.147546868526,13.7253239544566,59.6810014617167,110.078307433572
1842,5.116667,356.161540989749,13.6548353368736,59.6383572571348,110.116656913628
1843,5.119444,356.170783785999,13.5472578195909,59.6283760430967,110.112928392516
1844,5.122222,356.179112046994,13.472030721259,59.5569294866449,110.164074863056
1845,5.125,356.18743970111,13.3968255690945,59.4854759348222,110.215229456141
1846,5.127778,356.267749841881,14.1199789500773,56.7829793049132,112.145536442956
1847,5.130556,356.335583098164,14.1017239220981,56.7038843871196,112.195981705895
1848,5.133333,356.403401757666,14.0835522067528,56.6247147141765,112.246412795144
1849,5.136111,356.385620004231,13.9923242862076,58.3991686237607,110.455732528023
1850,5.138889,356.375899934191,13.9851986196352,58.8276907664044,109.917180679984
1851,5.141667,356.366190326908,13.9784567272345,59.2600850351935,109.374371177882
1852,5.144444,356.347920806184,13.9247538069171,59.0979588962592,109.479496957007
1853,5.147222,356.356914133026,13.8671296716599,57.5081461429306,111.050045083702
1854,5.15,356.365907794406,13.8034554618118,55.9608062024759,112.584093321964
1855,5.152778,356.362035615217,13.765213210797,55.8654792743711,112.63438074351
1856,5.155556,356.33069728639,13.6985926118157,56.6509129039371,111.792695709186
1857,5.158333,356.299361196728,13.635103982805,57.4436728987144,110.940617689396
1858,5.161111,356.309969269731,13.6460498866362,58.4226974241261,109.832082013255
1859,5.163889,356.270508617721,13.6332289213737,58.3515090445849,109.834135384028
1860,5.166667,356.315389247036,13.5240959490384,55.3550383848533,112.868177987678
1861,5.169444,356.278096127036,13.4729337817373,55.2676058881385,112.941820035987
1862,5.172222,356.240786496183,13.421759237616,55.180063294699,113.015573042266
1863,5.175,356.256979559842,13.3990684087317,56.0106633877145,112.114797918484
1864,5.177778,356.273172952204,13.3775560446396,56.8541001522109,111.200022748903
1865,5.180556,356.289366667652,13.3571098073226,57.7104986267977,110.271235245508
1866,5.183333,356.284186917971,13.3117861669426,57.6344350857972,110.317982454989
1867,5.186111,356.295851121143,13.2119979904868,56.1176472238396,111.861576623279
1868,5.188889,356.307511478313,13.1017585096154,54.6501028649317,113.366334114459
1869,5.191667,356.357156389206,13.0953021744724,55.1049453800806,112.838918506744
1870,5.194444,356.40677961452,13.0898932347625,55.5633658390621,112.306940469623
1871,5.197222,356.456416873341,13.0854661903355,56.0257861220416,111.769987312998
1872,5.2,356.470731541306,13.0452511130351,55.9589248522066,111.779785971039
1873,5.202778,356.470655706018,12.9641022615546,55.0466718487202,112.718311809295
1874,5.205556,356.470579838441,12.8780659505476,54.1544256526184,113.641651976151
1875,5.208333,356.482805340717,12.8245346788625,54.0901167743359,113.699696590935
1876,5.211111,356.477931765606,12.8000566833177,54.8198139732152,112.92697927641
1877,5.213889,356.473062372075,12.7763590677963,55.5600820982704,112.142941063463
1878,5.216667,356.486976338562,12.7302710122994,55.4551810752203,112.207046464436
1879,5.219444,356.474200964186,12.6459833240743,54.5072914757313,113.297978190472
1880,5.222222,356.461421713285,12.5568725855187,53.5850245286575,114.36785288877
1881,5.225,356.457612488909,12.5306607408192,54.082021984294,113.765612856372
1882,5.227778,356.453801514069,12.5052923406047,54.5854481390697,113.155510916645
1883,5.230556,356.449988788308,12.4807176702872,55.0954504428508,112.537446470705
1884,5.233333,356.445046323023,12.4261350076986,54.8675590235889,112.927974816411
1885,5.236111,356.408589037704,12.3293286319483,54.0510684916821,113.620597160349
1886,5.238889,356.372147209448,12.2272657212613,53.2485569521434,114.303206609877
1887,5.241667,356.370476904583,12.2039288454863,53.704965826597,113.797254953768
1888,5.244444,356.368804099487,12.1813618879671,54.1656059932029,113.286239838357
1889,5.247222,356.367127586771,12.1595036720885,54.63089238373,112.769755010627
1890,5.25,356.368780786399,12.0848309760818,53.993291432249,113.38140736001
1891,5.252778,356.370433282503,12.0073061563041,53.3654607503786,113.98619154759
1892,5.255556,356.372085075112,11.9267544707625,52.7476817712016,114.584001399814
1893,5.258333,356.369003786674,11.8937230704319,52.6432858011531,114.596626391473
1894,5.261111,356.373824915454,11.8941812525256,53.3580136448795,113.844551159708
1895,5.263889,356.378643770046,11.8944244648673,54.0853288112121,113.080041400331
1896,5.266667,356.428269170504,11.8505894798777,53.4613553265252,113.798757566433
1897,5.269444,356.47787509978,11.80417364415,52.8507589566238,114.506555447431
1898,5.272222,356.527497267017,11.754985950764,52.2532033114322,115.20399958791
1899,5.275,356.537261473925,11.7286665425414,52.1919203479235,115.001560433539
1900,5.277778,356.535866749413,11.759855932626,52.8768626806342,114.179518470421
1901,5.280556,356.534472249207,11.7890183646142,53.5764479272244,113.344886716114
1902,5.283333,356.548731307554,11.7619874628773,53.487104765751,113.394872751171
1903,5.286111,356.553451609591,11.6706211719787,52.6263313258426,114.265158474502
1904,5.288889,356.558171740103,11.5737789490543,51.7865764319564,115.119896298677
1905,5.291667,355.489425594271,11.0963984845466,52.1488609786606,114.633715540023
1906,5.294444,354.420719063143,10.6162044838035,52.5167890336493,114.142729285317
1907,5.297222,353.351447858849,10.132960625083,52.8906391011429,113.646524471366
1908,5.3,354.407629884612,10.5403724064392,52.3180938052613,114.228862133957
1909,5.302778,355.46392974858,10.9425063799485,51.7561725529027,114.803756844402
1910,5.305556,356.520189855806,11.3391124624915,51.2051066053175,115.371169744412
1911,5.308333,356.523899126616,11.3661664643338,51.5792871598247,114.882275758366
1912,5.311111,356.527612672533,11.3920673628849,51.9597001300739,114.388282184354
1913,5.313889,356.531329159505,11.4168715819883,52.3461938770579,113.889316174279
1914,5.316667,356.548989713095,11.4020072949482,52.2585640656203,113.949209184729
1915,5.319444,356.557230753896,11.2988609994384,51.4200149366864,114.80254103136
1916,5.322222,356.565480165902,11.189551920782,50.6034979725558,115.639993110225
1917,5.325,356.520849731116,11.1665336025426,50.4963927341254,115.69559262554
1918,5.327778,356.521126171879,11.2932191134594,51.8565664544559,114.055116626942
1919,5.330556,356.493535167709,11.2417658547614,51.7418278287683,114.067443110739
1920,5.333333,356.508359309299,11.1199889545888,50.9411311477965,114.989898651313
1921,5.336111,356.523197056747,10.99103533242,50.1640605357331,115.89591306979
1922,5.338889,356.547822400778,10.9577479296909,50.07604310381,115.942891077734
1923,5.341667,356.550332033328,11.0015574966812,50.6976790575579,115.1706424805
1924,5.344444,356.55284892172,11.0422388061211,51.3355221722028,114.385374616103
1925,5.347222,356.559779350588,11.0089350027642,51.2103516013358,114.422154352187
1926,5.35,356.613087419973,10.9012091222363,50.3337668143954,115.358147942305
1927,5.352778,356.666389100465,10.7853575326416,49.4854040806869,116.274085962739
1928,5.355556,356.675071440799,10.8134876711508,49.9062812357182,115.747755431355
1929,5.358333,356.683760689623,10.8401188010682,50.3349131067692,115.21517595394
1930,5.361111,356.692463108474,10.8653631265626,50.7715903291675,114.675889208103
1931,5.363889,356.699641773281,10.7490301112578,50.1886794781007,115.305611721381
1932,5.366667,356.706812795032,10.627974008866,49.6195298679662,115.926271406552
1933,5.369444,356.713973593697,10.5019342181421,49.0646618111891,116.537633746643
1934,5.372222,355.290693812385,9.77431620573682,48.9559528879595,116.608773642511
1935,5.375,354.53379261522,9.48945860187786,49.6102605091163,115.820581893545
1936,5.377778,353.778257932053,9.19552396195171,50.283337257052,115.017610515923
1937,5.380556,353.785231468758,9.33277241720669,51.1753168992891,113.941191312121
1938,5.383333,354.54394482687,9.65021498721822,51.0878767753477,113.975291485768
1939,5.386111,355.304519745635,9.96255594690235,51.0003030022859,114.009521772372
1940,5.388889,354.658210666087,9.24798743997699,48.4364703470297,116.97890585571
1941,5.391667,354.683845795289,9.21425098107978,48.3444998667956,117.031070979507
1942,5.394444,354.709497962457,9.18053520657736,48.2525318395437,117.083306234925
1943,5.397222,355.3492332873,9.57068630368613,48.9533019373944,116.208708828039
1944,5.4,355.987821977287,9.95588474694963,49.6803348597141,115.314873250714
1945,5.402778,356.62528849893,10.3368207075474,50.4332944592043,114.401452952468
1946,5.405556,356.5942990838,10.2960667390294,50.3380246944657,114.432889157332
1947,5.408333,356.604838641795,10.0636623768455,49.0476412573487,115.891071494561
1948,5.411111,356.61539711498,9.80843996527555,47.8310477246614,117.298258400751
1949,5.413889,356.650557205219,9.7648117085234,47.7653475261432,117.334475596583
1950,5.416667,356.685823362971,9.81188418602493,48.4017900508007,116.572528577893
1951,5.419444,356.720767507181,9.85505220333972,49.056532571269,115.79626056303
1952,5.422222,356.635866805715,10.0255456761461,49.8382378507136,114.75018861147
1953,5.425,356.612717449852,9.88777061381519,49.8254964111838,114.768854278943
1954,5.427778,356.589523553731,9.7500500566949,49.8125735873736,114.787588028528
1955,5.430556,356.620385405896,9.32954050841817,47.5759364062212,117.392191312819
1956,5.433333,356.592717220331,9.2728589050315,47.5203680654028,117.413763047885
1957,5.436111,356.565055299965,9.21620492830124,47.4647334527942,117.43537978817
1958,5.438889,356.586744050986,9.36466522779783,48.7036776892383,116.017376251215
1959,5.441667,356.584573899697,9.43014717452192,49.0118986673353,115.52738073626
1960,5.444444,356.582418767202,9.49240748538574,49.329275867956,115.031577143295
1961,5.447222,356.544876625475,9.44530887809631,49.2127578330658,115.082944019088
1962,5.45,356.590098678043,9.4208405782176,49.1395419852271,115.112627404525
1963,5.452778,356.635337632189,9.39637620070066,49.0663335098911,115.142265789285
1964,5.455556,356.663287090552,9.3676661860911,49.0032183829722,115.163340539521
1965,5.458333,356.691066405559,9.33897633015895,48.9401225490656,115.184387885851
1966,5.461111,356.718696478632,9.31028596833625,48.8770008269261,115.205422811134
1967,5.463889,356.655062591944,9.27216811542129,48.748813628113,115.219718106885
1968,5.466667,356.59129085411,9.23404805625392,48.6204832216542,115.234291245744
1969,5.469444,356.527403583628,9.19593952676397,48.4920573082375,115.249136364677
1970,5.472222,356.546616073332,9.18057132846992,48.419390537642,115.276020301841
1971,5.475,356.560568813977,9.16661329945394,48.3447940305374,115.293577105283
1972,5.477778,356.574526059362,9.15265652169154,48.2702186622295,115.311063747209
1973,5.480556,356.589446376358,9.13446565403492,48.2343741608693,115.360521660505
1974,5.483333,356.607629552016,9.11705635155959,48.1553999731645,115.391537268514
1975,5.486111,356.641402286722,9.10620481020292,48.0435517611233,115.430318484489
1976,5.488889,356.675231637299,9.09535769582967,47.9316506717534,115.469198002547
1977,5.491667,356.709117681336,9.08451500388534,47.8196977025224,115.508175099621
1978,5.494444,356.935543600863,9.12864502146071,47.6813006678226,115.539915046602
1979,5.497222,356.911667453233,9.11051300305285,47.606559777312,115.580696747633
1980,5.5,356.887700955056,9.0923826557841,47.5318393540043,115.621455529042
1981,5.502778,356.874767125867,9.06633983742703,47.4812721803857,115.673975305018
1982,5.505556,356.861835760546,9.04030175203937,47.4307349440977,115.726456133403
1983,5.508333,356.848911514767,9.01427777205242,47.3802459267929,115.778879026723
1984,5.511111,356.838581549274,8.99172098906592,47.269674506098,115.825424851727
1985,5.513889,356.828254617622,8.96916885566831,47.1590580910496,115.872075849595
1986,5.516667,356.817930720698,8.94662137267197,47.048397668785,115.918831178473
1987,5.519444,356.726047520246,8.67797458634076,46.1794923854039,117.03169717356
1988,5.522222,356.725822400267,8.59327956975335,45.5915598182767,117.661223146476
1989,5.525,356.725601237319,8.50567935242013,45.0165840227305,118.280700786044
1990,5.527778,356.722388535771,8.47853822671813,44.9416917139925,118.324670219403
1991,5.530556,356.71883881949,8.43221492251912,44.943702148731,118.303087567125
1992,5.533333,356.715275679759,8.38608847685574,44.9454614200116,118.281573514235
1993,5.536111,356.703087569486,8.36058357661366,44.9478413929948,118.262321750705
1994,5.538889,356.708989171233,8.3380803946941,44.9470940566224,118.251200104663
1995,5.541667,356.714902036087,8.31561209259428,44.9463044141894,118.240084735961
1996,5.544444,356.724588135222,8.30314691235274,44.8922578398309,118.247626684779
1997,5.547222,356.727356100221,8.29070868072149,44.831392888573,118.250659383514
1998,5.55,356.730141254108,8.27827665820159,44.7704070862713,118.253902852665
1999,5.552778,356.791063694998,8.28888170318595,44.7652698270367,118.240287142808
2000,5.555556,356.801977480532,8.28094531014393,44.759686837367,118.255235811727
2001,5.558333,356.812894691298,8.27301440830093,44.7540966558702,118.27019006647
2002,5.561111,356.811431380357,8.2694789443259,44.7388931867989,118.272525974287
2003,5.563889,356.80996768409,8.26593412859168,44.7236814120099,118.274875633659
2004,5.566667,356.808503602936,8.26238004373306,44.7084612116219,118.277239079451
2005,5.569444,356.829413264154,8.2585655620244,44.6797567410744,118.261908840206
2006,5.572222,356.840982680174,8.24153618057222,44.6480714042458,118.224295661166
2007,5.575,356.852560211221,8.22454538139476,44.6162637039971,118.186844281319
2008,5.577778,356.857496240707,8.21521187323893,44.5650339445822,118.171494623465
2009,5.580556,356.885659140777,8.19565802305628,44.4944598574089,118.210484032684
2010,5.583333,356.913806888405,8.17612091333406,44.4238906504302,118.249470493845
2011,5.586111,357.013833622187,8.26433006335287,44.0439567946256,118.579537517839
2012,5.588889,357.114267509935,8.3530236336737,43.667154583222,118.906393964274
2013,5.591667,357.215111216029,8.44220562555967,43.2934709785191,119.230051571297
2014,5.594444,357.287215968962,8.42068947941802,43.1956767987927,119.245127205546
2015,5.597222,357.269967659073,8.4340494229271,43.4397409601818,118.884955639495
2016,5.6,357.252731735149,8.4463744016059,43.6881258490616,118.52151730603
2017,5.602778,357.313542022074,8.70061445197623,43.3942164633475,118.545175239107
2018,5.605556,357.37403123213,8.95545661589469,43.099387299133,118.568873664682
2019,5.608333,357.434180091586,9.2108134594818,42.8037433324066,118.592603637546
2020,5.611111,357.435793093152,9.17483366678678,42.7559322941726,118.580091991923
2021,5.613889,357.430326984419,9.14483582864318,42.6481157141165,118.596132380096
2022,5.616667,357.424862270748,9.11485046697086,42.5402641311756,118.612286781078
2023,5.619444,357.409347904016,9.08484079536939,42.438876476157,118.665588640791
2024,5.622222,357.399248360276,9.04712049953614,42.3538785965433,118.68768074311
2025,5.625,357.389151892532,9.0094144564561,42.2688961453738,118.709768077989
2026,5.627778,357.389853507758,8.97679842415517,42.2125538327889,118.722209436979
2027,5.630556,357.316091382669,8.91655647716411,42.113245750192,118.752617101318
2028,5.633333,357.242369017112,8.85637858508741,42.014005467203,118.783044746994
2029,5.636111,357.224554985148,8.87292749875227,42.1910675381592,118.471353955316
2030,5.638889,357.206751571163,8.88831635616095,42.3717940855518,118.157172849578
2031,5.641667,357.188958789783,8.90258918485517,42.5561762644219,117.840466687176
2032,5.644444,357.173412383038,8.71436237342595,41.6018957986703,118.867627012423
2033,5.647222,357.173969015039,8.86943742598787,42.323257600463,117.936553824292
2034,5.65,356.025047461134,8.29407750020472,42.2177424202713,117.997181573835
2035,5.652778,356.485467996558,8.50663391837256,42.0956499776041,118.089601241301
2036,5.655556,356.944715077363,8.72165366099662,41.973566285957,118.182003075803
2037,5.658333,357.0211891795,8.73088647626241,41.8713886521354,118.234865673531
2038,5.661111,357.097795025265,8.74008797817774,41.7691111405538,118.287818410437
2039,5.663889,357.174505579122,8.74925495562733,41.6667712837059,118.340841621795
2040,5.666667,356.224160441852,8.24866390877956,41.5419808606452,118.40266680159
2041,5.669444,356.70462722053,8.4605157637143,41.4423075232007,118.465149273866
2042,5.672222,357.184316901918,8.67391977559713,41.3426261718232,118.527680726603
2043,5.675,356.941665889375,7.75509045694713,41.883138073384,118.594538761182
2044,5.677778,356.691589478214,7.41667854821591,41.9263525579438,118.650103164346
2045,5.680556,356.442357447815,7.0773612292331,41.9711300306604,118.705667140007
2046,5.683333,357.217237180426,8.48677308230669,41.0655736114284,118.768664468115
2047,5.686111,357.242396014589,8.46348393117256,40.9566362968149,118.829612988898
2048,5.688889,357.267570316656,8.4401997903545,40.8476083683179,118.890676763136
2049,5.691667,357.213113913925,8.39893131551739,40.8127716619443,118.921339011151
2050,5.694444,356.96131766412,7.70158391802716,41.1141069674418,118.987969931814
2051,5.697222,356.709558366328,7.00197050823072,41.4176911305297,119.05462920278
2052,5.7,356.703987666531,6.97240466496438,41.3313217125766,119.093129374888
2053,5.702778,356.698411024688,6.94284702485578,41.2449049768954,119.131696567408
2054,5.705556,356.692828445647,6.91329758277253,41.1584415513796,119.170330292461
2055,5.708333,356.668870962916,6.87964169553295,41.0581847027522,119.201167471979
2056,5.711111,356.707508177841,6.89037478799758,40.9580694496258,119.240589991811
2057,5.713889,356.746126604062,6.90112317020199,40.8578797297772,119.280098669709
2058,5.716667,356.809452354821,6.98870714500021,40.7376443096683,119.355835311545
2059,5.719444,356.873174421215,7.07638013552019,40.6177361832707,119.431557050949
2060,5.722222,356.937342757933,7.1642146616746,40.4980642010329,119.507317902701
2061,5.725,356.947821548361,7.24753934461165,40.3224020891186,119.543977509533
2062,5.727778,356.970745983557,7.24111993836456,40.2135240235461,119.576945672125
2063,5.730556,356.993668498089,7.23470522996267,40.1045396901216,119.610031767096
2064,5.733333,357.00168326091,7.22099551435613,39.9827351935763,119.657326712375
2065,5.736111,357.006456129849,7.20989019644212,39.8919854224275,119.696802604759
2066,5.738889,357.011225881499,7.19878433632616,39.8011978522832,119.736288135145
2067,5.741667,357.039181935423,7.194737062278,39.728516734754,119.775878798726
2068,5.744444,357.037798407667,7.1634379144112,39.6371121786588,119.827755927153
2069,5.747222,357.036407498665,7.13213631163403,39.5456634894861,119.879681809717
2070,5.75,357.156083209084,7.16236912570564,39.3990702112421,119.916725543707
2071,5.752778,357.175690676965,7.13503260032967,39.2964240852651,119.937060029959
2072,5.755556,357.195288148584,7.1077130043751,39.1936608275125,119.957577426688
2073,5.758333,357.029605025585,7.001076754396,39.1072921685818,120.034960305286
2074,5.761111,357.054173367796,6.99383203428145,39.0418557470623,120.060187167234
2075,5.763889,357.078726810923,6.98659323628647,38.9764071794987,120.08539603999
2076,5.766667,357.063683550193,6.9523151960681,38.8675360672103,120.121896732977
2077,5.769444,357.04865075827,6.91805854412635,38.7586920706568,120.158424251253
2078,5.772222,357.03361761247,6.88379861133599,38.6497979495516,120.195004135708
2079,5.775,357.036420057196,6.83074085345049,38.5405051253438,120.264613888238
2080,5.777778,357.03597209563,6.8114278808234,38.4448222201528,120.274003013378
2081,5.780556,357.035522944465,6.79211840105227,38.3490623614535,120.283461428776
2082,5.783333,357.03825519838,6.76913931319955,38.2823966762022,120.302297597557
2083,5.786111,357.029618424483,6.7239811752352,38.2103148061858,120.319588029207
2084,5.788889,357.020977237517,6.67882360019663,38.1382359595791,120.336909957546
2085,5.791667,357.02070552049,6.66510934735678,38.0336762753713,120.345578835609
2086,5.794444,357.020433216241,6.65142033345886,37.9291304117228,120.354355134888
2087,5.797222,357.020160127846,6.63774664170089,37.8245240921962,120.363244810784
2088,5.8,357.06915541819,6.6382300273334,37.7208179487131,120.378049275805
2089,5.802778,357.118144735723,6.63873201702655,37.6170989004324,120.392939382581
2090,5.805556,357.098160199164,6.59541448001546,37.5471635217043,120.407967337879
2091,5.808333,356.984798046129,6.41633122302877,37.4845554639551,120.419257354403
2092,5.811111,356.872543694311,6.23744248025064,37.4227959007171,120.430631695729
2093,5.813889,356.897609560525,6.229769248161,37.309230151081,120.460531028771
2094,5.816667,356.92267921202,6.2220960986196,37.1956844866238,120.490481787963
2095,5.819444,356.947743614565,6.2144257940871,37.0822008704681,120.52047245464
2096,5.822222,356.972826233164,6.20284635589534,36.9709819614527,120.593294497316
2097,5.825,357.025638304044,6.20338279532795,36.8759038000046,120.611121343246
2098,5.827778,357.078441161034,6.20391912200433,36.7808167999202,120.628972309355
2099,5.830556,357.104011080239,6.19914552857634,36.7075337921458,120.648272071901
2100,5.833333,356.977459001474,5.65558327593753,37.0152796483444,120.645926301458
2101,5.836111,356.84914065368,5.11596862996969,37.3172537588823,120.643613768378
2102,5.838889,356.873838593117,5.11520483004998,37.2311279688622,120.679967308845
2103,5.841667,356.886643404961,5.11219596093188,37.1114396839943,120.691712118572
2104,5.844444,356.899441722961,5.10918761541291,36.9917944412467,120.703598834241
2105,5.847222,356.911014100194,5.11029207861164,36.9133311409355,120.757359800464
2106,5.85,356.922584538679,5.11139686795431,36.8348862511563,120.811094053888
2107,5.852778,356.934153038718,5.11250198345818,36.7564600731428,120.864801299988
2108,5.855556,357.110530708775,5.54012430449363,36.4221336361072,120.898606516214
2109,5.858333,357.286613115351,5.96711411666304,36.0882015377893,120.932396502067
2110,5.861111,357.462524680156,6.39376628152859,35.7544337833707,120.966195376215
2111,5.863889,357.486400141168,6.38888066916288,35.6891667199856,120.994250954068
2112,5.866667,356.9712112986,6.11833965913519,35.6226738473058,121.011742377289
2113,5.869444,356.455704886041,5.84991036469204,35.5561787090561,121.029279545399
2114,5.872222,356.78160025789,5.99304915879607,35.4820815502165,121.061861042567
2115,5.875,357.107171628705,6.13697298456548,35.4079981726081,121.094491536148
2116,5.877778,357.432430486577,6.28168520272644,35.3339290014546,121.127170596784
2117,5.880556,357.434273794461,6.26240378986621,35.2354973264707,121.167763551009
2118,5.883333,357.368903126641,6.21115719260257,35.1974215431875,121.220430974209
2119,5.886111,357.30350580033,6.15992486500607,35.1594266384864,121.273020309673
2120,5.888889,357.272311869718,5.78081490376261,34.8021784391074,121.882064035023
2121,5.891667,357.285702098012,5.75118513165302,34.7590468241675,121.869889010802
2122,5.894444,357.299094283752,5.72157926259386,34.715846040159,121.857761191315
2123,5.897222,357.263149802599,5.6950515369588,34.6754043182886,121.876230678861
2124,5.9,357.25005476829,5.66845200181581,34.5931578902051,121.89258856238
2125,5.902778,357.236959277915,5.64186351775347,34.510878282283,121.909049674429
2126,5.905556,357.232824919895,5.75497422536193,34.5051773797887,121.733937721582
2127,5.908333,357.228692097744,5.86575950272182,34.5029808556295,121.557704717854
2128,5.911111,357.224557834903,5.97436586928053,34.5042400883788,121.380204196595
2129,5.913889,357.239489603114,5.96370779336039,34.4450925671467,121.423448363691
2130,5.916667,357.251419729509,5.78945931077478,34.2933516377639,121.699366357914
2131,5.919444,357.263345646744,5.6105154321159,34.1515066578104,121.970133971714
2132,5.922222,357.26191377315,5.60991538192898,34.4214461676943,122.265102761126
2133,5.925,357.265385025095,5.59354168696301,34.3611958377668,122.271648734932
2134,5.927778,357.268854968353,5.57718044120109,34.3009096847368,122.278268246138
2135,5.930556,357.279297485911,5.57729185601619,33.9392143980888,121.985656848067
2136,5.933333,357.29228131133,5.75950390575006,33.8811028595538,121.766225296385
2137,5.936111,357.305269861383,5.93740249533576,33.8291577711054,121.545017443674
2138,5.938889,357.292892767533,5.92825964059166,33.7432951094239,121.549026695695
2139,5.941667,357.311704092041,5.93090716087013,33.6675674040086,121.553403848031
2140,5.944444,357.33050925625,5.9335537579504,33.5918480348,121.557839134965
2141,5.947222,357.332976730859,5.92319746621825,33.5397609164991,121.512449933
2142,5.95,357.335947652972,5.90458320303414,33.4896872990141,121.508030246749
2143,5.952778,357.338922780204,5.88597569081947,33.4396158597902,121.503621549704
2144,5.955556,357.343782067027,5.86671706430242,33.3964894551771,121.49071312154
2145,5.958333,357.352467582994,5.84315305415383,33.350427642784,121.490173362418
2146,5.961111,357.361161584512,5.81964383557697,33.3043170354182,121.489661694773
2147,5.963889,356.836990236709,5.42086092738759,33.2844335426649,121.480658295907
2148,5.966667,356.316047660308,5.02576356088252,33.2656676715926,121.471744555723
2149,5.969444,357.238550864817,5.44177945714153,33.2114760777605,121.454240218087
2150,5.972222,356.802283089736,5.1861551758718,33.1704268100741,121.438944975718
2151,5.975,356.36568211615,4.93211017885147,33.1293547696914,121.423715605692
2152,5.977778,356.351940072898,4.87233902278429,33.1054498232229,121.403642403499
2153,5.980556,356.763019324964,5.03178483522806,33.0826634407036,121.370221263464
2154,5.983333,357.173365655136,5.19248058020294,33.059889341103,121.336831580313
2155,5.986111,357.153139261308,5.14747426894126,33.0293845348796,121.319086109265
2156,5.988889,357.103176644262,5.09692802417484,33.0062005055233,121.304939415929
2157,5.991667,357.053243402702,5.04638835502995,32.983026180052,121.290789950995
2158,5.994444,356.136788396679,4.56541035358912,32.9675330222167,121.299075564005
2159,5.997222,356.669430886816,4.88235991424068,32.8810399466571,121.312019954796
2160,6,357.205094304104,5.2041525393004,32.7947292000566,121.324966101473
2161,6.002778,357.193140334446,5.17304718998142,32.6748213631391,121.348055726007
2162,6.005556,357.17533221675,5.13492788835905,32.6186141161983,121.373064978045
2163,6.008333,357.157532220606,5.09682274135292,32.5624664070064,121.398066873274
2164,6.011111,357.166528668247,5.07937087354839,32.5100682501309,121.422042247215
2165,6.013889,357.13890420445,5.04694588549872,32.450817126796,121.435580010757
2166,6.016667,357.11128418491,5.01453489670395,32.3915626964985,121.449152711414
2167,6.019444,357.134703949347,4.99082562783077,32.346663136325,121.486434415787
2168,6.022222,357.145150818499,4.98672267427205,32.2908440463339,121.529443025637
2169,6.025,357.155597686799,4.98262012749563,32.2350192492078,121.572450150004
2170,6.027778,357.128830991016,4.96366129620351,32.1768618982604,121.647571672918
2171,6.030556,357.127188394013,4.95227476942976,32.120190602704,121.687805037969
2172,6.033333,357.125546838733,4.94089478672193,32.0635153262277,121.728040444076
2173,6.036111,357.120242660511,4.92546891284503,31.9724409298251,121.783608096928
2174,6.038889,357.114940082868,4.91004819923143,31.8813429172997,121.839245778283
2175,6.041667,357.109639105526,4.89463264379764,31.7902219045145,121.894952845321
2176,6.044444,357.12630387112,4.8777040082471,31.720759004872,121.939660207854
2177,6.047222,357.1050529116,4.84907793330997,31.6652523536787,121.986584490759
2178,6.05,357.083801656231,4.82045928568837,31.6097189491502,122.033541537482
2179,6.052778,357.093877353398,4.81212273327873,31.5642364945933,122.078440607045
2180,6.055556,357.103957238405,4.80380082739319,31.5187293311413,122.123362344111
2181,6.058333,357.114037686573,4.7954965556997,31.4732140028789,122.168290419852
2182,6.061111,357.088287681786,4.75316460589908,31.439394169069,122.227834742323
2183,6.063889,357.062540034645,4.71084101779582,31.40556581674,122.287384543405
2184,6.066667,357.036794744911,4.66852580098514,31.3717290588826,122.346939701487
2185,6.069444,357.031437383265,4.63855691757225,31.2999410586114,122.378275106812
2186,6.072222,357.02607762285,4.60858095680645,31.2280718778619,122.409686316328
2187,6.075,357.020717393004,4.5786087181681,31.1561478367198,122.441161726497
2188,6.077778,356.975226921123,4.54978388249421,30.943322436285,122.548635768474
2189,6.080556,356.973671330095,4.53163231679588,30.971515399403,122.547536764354
2190,6.083333,356.972116510119,4.51348660266272,30.9997086391629,122.546465988502
2191,6.086111,356.981543126547,4.49324700238076,30.9448689689444,122.574888030994
2192,6.088889,356.990973646559,4.47300727317559,30.8900015766975,122.603326787931
2193,6.091667,357.000408069938,4.45276741754398,30.8351066611466,122.631782100319
2194,6.094444,357.001557840263,4.42480491774822,30.8059933068326,122.651337690427
2195,6.097222,357.021817046396,4.41321023268717,30.7665932057716,122.6834685158
2196,6.1,357.042081160475,4.40161806159651,30.7272085285982,122.715585852069
2197,6.102778,357.048550540248,4.38221604309453,30.6704407939839,122.746576908717
2198,6.105556,357.063317785313,4.37011317974253,30.5858540202252,122.766005079226
2199,6.108333,357.078084450269,4.35801428396529,30.5012456564602,122.78551322193
2200,6.111111,357.101487038825,4.34618627355034,30.426876480673,122.807249806441
2201,6.113889,356.701947527396,4.14371868686673,30.3302308935517,122.833565670924
2202,6.116667,356.302053822806,3.94229595374189,30.2335522025305,122.859936328746
2203,6.119444,356.692885684701,4.11200783716174,30.1750386639403,122.886124980241
2204,6.122222,357.083415445632,4.28292548181228,30.1164947368534,122.91231620221
2205,6.125,357.093021996309,4.26666976623017,30.0476984276526,122.937018578292
2206,6.127778,357.114815847995,4.26118893338,29.9710518269268,122.972230874985
2207,6.130556,357.136611821056,4.25570669333335,29.8944312344587,123.007438184059
2208,6.133333,357.114309654377,4.23284663389265,29.8061529852086,123.030090660267
2209,6.136111,357.092003137401,4.20998636104993,29.7178054354765,123.052820342074
2210,6.138889,357.06970030065,4.18713410642463,29.6294208859368,123.075618781405
2211,6.141667,356.448569771978,3.85252623477249,29.5448993825838,123.09783714775
2212,6.144444,356.449295087423,3.84103576072022,29.4539426826112,123.115410091968
2213,6.147222,356.450018754767,3.82954218642689,29.3628964996353,123.133064993905
2214,6.15,356.42896182884,3.79683087780277,29.3072525036814,123.160460801318
2215,6.152778,356.407907343078,3.7641158921398,29.2516090155362,123.187841542703
2216,6.155556,356.386855298663,3.73139723339029,29.1959662690721,123.215207028496
2217,6.158333,356.580875895261,3.80837468308643,29.120519980582,123.244240409928
2218,6.161111,356.774834122751,3.88561277778815,29.045043954413,123.273271110022
2219,6.163889,356.968661746735,3.96308441652393,28.9695657183279,123.302288404638
2220,6.166667,356.940030337722,3.93174356063309,28.8516412606013,123.347667927577
2221,6.169444,356.979657614303,3.92810176827624,28.7773876610082,123.405991870421
2222,6.172222,357.019273126124,3.92446392934818,28.7030857329203,123.46435783008
2223,6.175,356.648833278488,3.76094679635507,28.5586912563853,123.504667349929
2224,6.177778,356.838860842939,3.83150181024449,28.4899907526207,123.538363032019
2225,6.180556,357.029014834862,3.9018275823919,28.4212707251714,123.572073870822
2226,6.183333,356.891565102305,3.8155059211481,28.3520859282156,123.609039713293
2227,6.186111,356.795656483985,3.76210048987966,28.2778326805663,123.648801132791
2228,6.188889,356.699729234767,3.7085173819323,28.2035601606724,123.688567361752
2229,6.191667,356.708156927663,3.70028791537429,28.1354594083285,123.717505807315
2230,6.194444,356.715840342464,3.69723874349983,28.0296713863102,123.747441142882
2231,6.197222,356.723529092805,3.69418871399979,27.9237992726392,123.777393896033
2232,6.2,356.735250025577,3.68007898954728,27.8191751092273,123.836297568576
2233,6.202778,356.740054600223,3.67216774414899,27.7218221836089,123.90083733053
2234,6.205556,356.744862978392,3.66425697642205,27.6244588527135,123.965420139323
2235,6.208333,356.343968583712,3.38014028057611,27.5719538416142,124.01482031498
2236,6.211111,356.336025420682,3.36691701395416,27.5172729890693,124.050617053016
2237,6.213889,356.328082748072,3.35369483815763,27.4625840779591,124.086432929225
2238,6.216667,356.33489977899,3.33807722151274,27.3972870583389,124.108213238921
2239,6.219444,356.341037957873,3.30735324734497,27.3460674642316,124.132906930422
2240,6.222222,356.347174854264,3.27661518662009,27.2948181326667,124.157627280009
2241,6.225,356.334090970849,3.25372968722719,27.1815478708332,124.204804748842
2242,6.227778,356.336138280369,3.21872137441796,27.1117012417516,124.237977797194
2243,6.230556,356.338176028788,3.18370734702592,27.0418420474591,124.271089811688
2244,6.233333,356.340656800275,3.15706362379014,26.9523798507069,124.276919628634
2245,6.236111,356.330112664062,3.12840400690046,26.8905737532793,124.314357056809
2246,6.238889,356.319564259994,3.09974149920635,26.8287777569591,124.351777915155
2247,6.241667,356.315881704014,3.07265603496085,26.7744676287219,124.381786258631
2248,6.244444,356.312197979148,3.04558140482238,26.7201535122003,124.411767494344
2249,6.247222,356.308510434675,3.0184981125582,26.6657964691929,124.441743007005
2250,6.25,356.311881044996,2.99792951229825,26.5950316127734,124.473398132598
2251,6.252778,356.315247510621,2.97736411089586,26.5242528499847,124.505136105396
2252,6.255556,356.318609832606,2.95680190820975,26.4534605064293,124.536956517081
2253,6.258333,356.636075522627,3.10868765973149,26.3915376108584,124.571368508371
2254,6.261111,356.639911413606,3.09747144966064,26.3206550507616,124.602946028276
2255,6.263889,356.643748390881,3.08625771105896,26.2497609191013,124.634555949179
2256,6.266667,356.64032537228,3.07076001239576,26.0299792762162,124.746584712351
2257,6.269444,356.435594773659,2.96493736417382,26.0736669917108,124.730699242325
2258,6.272222,356.230705596961,2.85985807392857,26.1174187580418,124.714845929117
2259,6.275,356.237529401982,2.84857784838301,26.0647370578704,124.741293589588
2260,6.277778,356.243950978086,2.84293152151698,26.0172882252704,124.794123991647
2261,6.280556,356.250375030266,2.83728639901279,25.969833983423,124.846961716598
2262,6.283333,356.269897339031,2.83748303462727,25.9202163756338,124.882155952385
2263,6.286111,356.305537659276,2.82751347135945,25.8865576285558,124.903751603711
2264,6.288889,356.309525499945,2.82193105233636,25.8407633902322,124.932626928277
2265,6.291667,356.313512825158,2.81634905680549,25.7949647856036,124.96148583246
2266,6.294444,356.317498199785,2.81076949383481,25.7491783745113,124.990317839666
2267,6.297222,356.312925953579,2.79934133245251,25.6786153288553,125.010747463227
2268,6.3,356.308353232181,2.78791391286668,25.6080285809894,125.031234602834
2269,6.302778,356.303780035812,2.77648723498102,25.5374183770036,125.05177907737
2270,6.305556,356.301307818067,2.77268637081885,25.482255652169,125.074522208363
2271,6.308333,356.289879713019,2.75708766025708,25.4135656981595,125.084992885096
2272,6.311111,356.278447740689,2.74148805982734,25.3447969733362,125.095543368661
2273,6.313889,356.264788826472,2.72961540722198,25.3007135601811,125.109480751005
2274,6.316667,356.251130755212,2.71774287278769,25.2566236880439,125.123409520714
2275,6.319444,356.237478442548,2.70587473012565,25.2125432980603,125.137324617429
2276,6.322222,356.206102177401,2.69597586632501,25.1706422761524,125.144133307336
2277,6.325,356.174743403249,2.68607795862385,25.1287152123308,125.150951280768
2278,6.327778,356.143402107837,2.67618100679594,25.0867621334692,125.157778529786
2279,6.330556,356.128860790215,2.65974682739321,25.0605202673679,125.221222342929
2280,6.333333,356.114160423623,2.65144797819561,25.0070547204233,125.227644218084
2281,6.336111,356.099455678091,2.6431460479644,24.9535580169908,125.234066974501
2282,6.338889,356.086850629053,2.63684112098287,24.8345038669244,125.295841176542
2283,6.341667,356.461706684092,2.817336206422,24.778253423118,125.339807063545
2284,6.344444,356.836138860914,2.99841535316878,24.722058014655,125.383728589471
2285,6.347222,356.053246818442,2.62372657058789,24.6633709778727,125.418611964805
2286,6.35,356.432924868601,2.81055980246617,24.6028351007648,125.466392491338
2287,6.352778,356.812338253353,2.99806937811359,24.5423031358328,125.514168133779
2288,6.355556,356.037700984704,2.62728334634032,24.4876493039739,125.547093260219
2289,6.358333,356.042810734757,2.63841157527783,24.4302545940909,125.57800035743
2290,6.361111,356.047922799833,2.64954147059541,24.3728320027333,125.608925656618
2291,6.363889,356.094179105329,2.65629327809841,24.3143837034362,125.656474091004
2292,6.366667,356.138719213745,2.67434759995049,24.2526642185187,125.716465269892
2293,6.369444,356.183238464223,2.69241923798032,24.1909821757771,125.776416869371
2294,6.372222,356.191089830337,2.70102545445999,24.1159788970909,125.822361084497
2295,6.375,356.194853515766,2.69889583201588,24.0396757365313,125.858773669956
2296,6.377778,356.198616846763,2.69676624731426,23.9633796529024,125.895182028232
2297,6.380556,356.202446163963,2.68776669857811,23.8917962079907,125.929629783329
2298,6.383333,356.204350931636,2.695217978961,23.7937366683163,125.979683880778
2299,6.386111,356.206255245035,2.70267585848226,23.6956814900478,126.029730907299
2300,6.388889,356.204681453255,2.69405887481855,23.6249983549221,126.060512228542
2301,6.391667,356.203107458469,2.68544260957671,23.5543434523782,126.091279237771
2302,6.394444,356.201533827426,2.67683016388333,23.483742443247,126.12202067145
2303,6.397222,356.193677829335,2.66966148371105,23.415710795146,126.093996020925
2304,6.4,356.204220337231,2.6602040148015,23.3485535519938,126.085572521799
2305,6.402778,356.214767126668,2.65074755622477,23.2813679473697,126.077168092252
2306,6.405556,356.183336778011,2.62669719177886,23.2376943985781,126.120791259099
2307,6.408333,356.151933162352,2.60266029606666,23.1940495063243,126.164357214817
2308,6.411111,356.120533641257,2.57861955078255,23.1504019415298,126.207897190026
2309,6.413889,356.107609791122,2.5618254904976,23.0634857004347,126.242881521597
2310,6.416667,356.094685405212,2.54503416342136,22.9765952576802,126.277861375641
2311,6.419444,356.081765136115,2.52825160969666,22.8897623846735,126.312823772529
2312,6.422222,356.05911806374,2.50920074523042,22.8165631516669,126.340248413266
2313,6.425,356.053763101353,2.48022856940898,22.7598009535902,126.368973464665
2314,6.427778,356.048400477555,2.45129843332208,22.7030313614043,126.397686030204
2315,6.430556,356.042502532796,2.43305347435323,22.654958680463,126.418035825214
2316,6.433333,356.045723473907,2.41535192380122,22.6083189304068,126.43796364102
2317,6.436111,356.048948318305,2.39764951381942,22.5616676709566,126.457882922817
2318,6.438889,356.071948112537,2.37584347483488,22.5149722321142,126.473949209562
2319,6.441667,356.094972116135,2.35404305858527,22.4682639991807,126.490003923417
2320,6.444444,356.102154194059,2.3356659107464,22.4095385177669,126.518687083728
2321,6.447222,356.111050173485,2.31628698124488,22.3443651603878,126.54722581832
2322,6.45,356.119949391298,2.29690773031315,22.2792138640137,126.575682563326
2323,6.452778,356.128495237276,2.28000438117825,22.2281994363716,126.602027550085
2324,6.455556,356.135558066455,2.26377823165666,22.1592205797065,126.632627040021
2325,6.458333,356.142617848562,2.24755834562678,22.0902840107001,126.663210719978
2326,6.461111,356.168242628107,2.23178449624369,22.0121513927495,126.692245506504
2327,6.463889,356.167875387405,2.2148913646233,21.9602102135837,126.724208291513
2328,6.466667,356.167505275152,2.19799810682597,21.9082986548538,126.756137275292
2329,6.469444,356.165923847881,2.1863565918254,21.8523334354249,126.780857582105
2330,6.472222,356.169014895489,2.17385841580325,21.8052276376242,126.803873539274
2331,6.475,356.172106214291,2.16136264357848,21.7581351473166,126.826867584608
2332,6.477778,356.159996890397,2.1408200662317,21.7168048872812,126.858522607145
2333,6.480556,356.147886962311,2.12028208277021,21.6754726182621,126.890166931925
2334,6.483333,356.135780789649,2.09975608037069,21.6341533111366,126.92178908811
2335,6.486111,356.144839735803,2.0781061328422,21.5957500834663,126.931239779758
2336,6.488889,356.14743891648,2.07001493576202,21.5250654871564,126.959528309818
2337,6.491667,356.150037626217,2.06192921561772,21.4543883633001,126.987816641031
2338,6.494444,356.129436955511,2.03133866681565,21.4220834235137,127.008501085059
2339,6.497222,356.117530570031,2.01131793232157,21.3743033427662,127.032536188293
2340,6.5,356.105625447128,1.99130079756596,21.3265290423812,127.056564396135
2341,6.502778,356.093908813618,1.9705607963087,21.2857955046143,127.061357523422
2342,6.505556,356.082192542637,1.94982504680183,21.2450675843343,127.066185118454
2343,6.508333,356.070480852017,1.92910101008305,21.2043600227882,127.071045343674
2344,6.511111,356.059117977716,1.90856078804345,21.1213955269359,127.104938019737
2345,6.513889,356.05210301676,1.88743588927141,21.0950536703347,127.131371607166
2346,6.516667,356.045088827566,1.86631301267612,21.0687212322949,127.157791511186
2347,6.519444,356.049867785419,1.86435857420298,21.0111206616498,127.200699779109
2348,6.522222,356.051672967671,1.85735521693013,20.9717242092861,127.24171020196
2349,6.525,356.053478816128,1.85035245140915,20.932346533672,127.282702144773
2350,6.527778,356.067107788763,1.85396338656652,20.8914202650868,127.326482642687
2351,6.530556,356.075458423961,1.85350230803176,20.8578653538216,127.361106335633
2352,6.533333,356.083806318975,1.85304137866052,20.8243337340525,127.395706114395
2353,6.536111,356.10245243715,1.86386842292714,20.7942187212916,127.423627401546
2354,6.538889,356.109157684634,1.87462236409643,20.7517918373692,127.500610319904
2355,6.541667,356.115862487557,1.88537539846469,20.7093788609788,127.57765524668
2356,6.544444,356.121022661624,1.8867190743733,20.6332992133658,127.607679328138
2357,6.547222,356.129239360042,1.89598692546641,20.5868905133369,127.629062332371
2358,6.55,356.137455775416,1.9052539394421,20.5404940594507,127.650433359507
2359,6.552778,356.138104214191,1.90759029912512,20.5056412380039,127.66438949852
2360,6.555556,356.138753775833,1.90992750069271,20.4708001836631,127.678322978298
2361,6.558333,356.13940422575,1.91226470224387,20.4359834570327,127.692228770847
2362,6.561111,356.130642774127,1.90770929956803,20.4175610958834,127.708004353963
2363,6.563889,356.12188153631,1.90315604749975,20.3991455989842,127.723770536299
2364,6.566667,356.113120513058,1.89860494509692,20.3807369718713,127.739527313724
2365,6.569444,356.094098931925,1.88321922936214,20.3586429861375,127.75178519478
2366,6.572222,356.075075139248,1.86783094391209,20.3365512575589,127.764038426289
2367,6.575,356.056055986487,1.8524456300423,20.3144697630498,127.776282579512
2368,6.577778,356.035332860376,1.83818138421271,20.3102646265707,127.785239059801
2369,6.580556,356.010169276046,1.8168457729363,20.3142624298575,127.747454622417
2370,6.583333,355.985020640162,1.79552105528408,20.318259409772,127.709727410444
2371,6.586111,355.955625459385,1.77457965937479,20.3196002951877,127.729694800422
2372,6.588889,355.940030961098,1.76135404935389,20.3216596351488,127.743599434993
2373,6.591667,355.924437630345,1.74813252363915,20.3237183082095,127.757500867953
2374,6.594444,355.910101401459,1.73223405833874,20.2870265663132,127.774443384924
2375,6.597222,355.900630979029,1.72904692154617,20.3167169075277,127.805016919637
2376,6.6,355.889861388747,1.73199001878231,20.3051543214192,127.830941281736
2377,6.602778,356.19439827702,1.86638299441541,20.3030279715234,127.914412392739
2378,6.605556,356.498829926534,2.00117534011815,20.3009048272248,127.997945186925
2379,6.608333,355.912561987097,1.76070802711898,20.2623880203412,128.090759123531
2380,6.611111,355.918460234028,1.77498939869853,20.2473597601786,128.125143831324
2381,6.613889,355.924357171401,1.78927036691913,20.2323355559777,128.159524374182
2382,6.616667,356.650244950173,2.14779764907458,20.2174613639646,128.183582297025
2383,6.619444,356.666936628359,2.16807949871271,20.1901846866717,128.217172239491
2384,6.622222,356.683633573312,2.18836799785368,20.1629115528011,128.250756423218
2385,6.625,356.67630106557,2.20313964286942,20.1489810692637,128.270485935162
2386,6.627778,356.66897000102,2.21791145941914,20.1350542490403,128.290213226953
2387,6.630556,356.661640382735,2.23268344701633,20.1211310913473,128.309938298704
2388,6.633333,356.643707770978,2.24117766622648,20.113209271939,128.31184776224
2389,6.636111,356.625774068535,2.24967294960207,20.1052861718153,128.313750534038
2390,6.638889,356.607845748504,2.25816623735837,20.0973646446035,128.315645921654
2391,6.641667,356.583097094902,2.25240327910669,20.1006631735361,128.312330574495
2392,6.644444,356.558361040005,2.24664585596516,20.1039569466716,128.309012982492
2393,6.647222,356.533619784517,2.24088982077325,20.1072483370257,128.30569075486
2394,6.65,356.52452496295,2.20854891296818,20.1390591851522,128.295956712776
2395,6.652778,356.504038201425,2.19064244910282,20.1538913746811,128.284329157839
2396,6.655556,356.483556635483,2.17274100866389,20.1687189676083,128.27269388116
2397,6.658333,356.47063520849,2.15366746354549,20.1639223984226,128.270429858123
2398,6.661111,356.457712121965,2.13458929370303,20.1591280212125,128.268166361363
2399,6.663889,356.44479202987,2.11551337199675,20.1543375661455,128.265904208214
2400,6.666667,356.463912967553,2.085315796323,20.143273312224,128.246967342113
2401,6.669444,356.473423373858,2.08033862252213,20.1450796356935,128.248312458806
2402,6.672222,356.482935512392,2.07535472607687,20.1468931372028,128.24965432365
2403,6.675,356.467918867881,2.05618611281893,20.14513112496,128.254140665737
2404,6.677778,356.474781936176,2.05984866864426,20.052395929537,128.301276571416
2405,6.680556,356.481646564539,2.06351241232044,19.9598156914886,128.348400064683
2406,6.683333,356.490319293932,2.06663697238993,19.991588897671,128.332157688958
2407,6.686111,356.498993979093,2.06976107283821,20.0233946865371,128.315907196558
2408,6.688889,356.507667496511,2.07288358806725,20.0552216340118,128.299654473344
2409,6.691667,356.522891198195,2.08386505429884,20.0325626392297,128.310379536188
2410,6.694444,356.526636014454,2.09538236328529,20.0185424932561,128.331619055348
2411,6.697222,356.530381756426,2.10690441209517,20.0045224300116,128.352861174338
2412,6.7,356.545891614679,2.12094957167684,19.9681878289173,128.364899658026
2413,6.702778,356.561401602573,2.1349946227314,19.931856040974,128.376944265312
2414,6.705556,356.576911718411,2.14903956347683,19.8955270956869,128.388994970791
2415,6.708333,356.579885435987,2.15579887729771,19.876467786297,128.399465250681
2416,6.711111,356.582337934568,2.1568413781847,19.87162494363,128.396522856728
2417,6.713889,356.584789587653,2.15788558048546,19.8667817225831,128.393577005191
2418,6.716667,356.586424373136,2.16340006040502,19.8594500162184,128.393137548318
2419,6.719444,356.570326197852,2.15729027198399,19.8616324357945,128.383848360138
2420,6.722222,356.554223064346,2.15118134402485,19.8638136807133,128.374552239516
2421,6.725,356.549093282237,2.14506352915206,19.8637253273093,128.3710273654
2422,6.727778,356.54396223612,2.13894492881096,19.8636401166358,128.367499824534
2423,6.730556,356.53882992633,2.13282554360973,19.8635580476348,128.363969618938
2424,6.733333,356.541937805341,2.12040790293183,19.8748318724549,128.349848708449
2425,6.736111,356.52361374629,2.08295471400918,19.9332787303218,128.284927117823
2426,6.738889,356.505307995127,2.04550768116045,19.9917129886933,128.220071521741
2427,6.741667,356.465224632021,2.01548110340963,20.0027785142189,128.221085683144
2428,6.744444,356.489724480193,2.00829820082906,20.0041317546295,128.221934935663
2429,6.747222,356.514247916239,2.00110660262791,20.0054918658416,128.222782724685
2430,6.75,356.494149067501,2.0008114550345,20.010172701989,128.221993076088
2431,6.752778,356.515146008832,1.99847693011132,20.0059728620355,128.230623128599
2432,6.755556,356.53615397618,1.99614238774424,20.0017736927158,128.239252378875
2433,6.758333,356.525516700294,1.9900508623875,19.9934598207451,128.245401129126
2434,6.761111,356.544034623686,1.99785804727098,19.9921582555694,128.253020269737
2435,6.763889,356.498762757984,1.99478749390693,19.9819336063471,128.2637013802
2436,6.766667,356.49975781469,2.00214864268452,19.9654485889423,128.332090175851
2437,6.769444,356.500751050828,2.00950682933908,19.9489729499478,128.400512609664
2438,6.772222,356.666346554574,2.08604774364735,19.9466563190267,128.402166161781
2439,6.775,356.271381868344,1.90272558196157,19.9331563779295,128.413396474021
2440,6.777778,355.876046221951,1.7198689344192,19.9196592916833,128.424624361309
2441,6.780556,355.897257484306,1.72598716695253,19.9218949564975,128.429700482051
2442,6.783333,355.91846491252,1.73210837659154,19.9241271349073,128.434775202954
2443,6.786111,355.939683779746,1.7382369706296,19.9263574355001,128.439852178857
2444,6.788889,355.958900344359,1.73787082013546,19.9259954891193,128.516516374136
2445,6.791667,355.964973488109,2.05690660457953,19.2960122387484,128.821261999236
2446,6.794444,355.971045329702,2.37964807306691,18.6635390183618,129.124794629897
2447,6.797222,355.983863023488,2.3532675492485,18.7159852581077,129.103514566332
2448,6.8,355.987158313582,2.00101079647423,19.3790033813261,128.780215588225
2449,6.802778,355.990453526828,1.65308370160952,20.038826417103,128.455780210023
2450,6.805556,355.991295034557,1.63893725050369,20.0542025555637,128.446574525175
2451,6.808333,355.992136260371,1.6247972087075,20.0695718871274,128.437371175955
2452,6.811111,355.992977810123,1.61065339437364,20.0849454789807,128.428163534337
2453,6.813889,355.985953361748,1.59338109015317,20.0981835861524,128.419210469932
2454,6.816667,355.978929666032,1.57610934246182,20.1114211177416,128.410255895022
2455,6.819444,355.971909250856,1.5588443704619,20.1246533067534,128.401303034244
2456,6.822222,355.960015304684,1.5460123866197,20.129755522362,128.397867886145
2457,6.825,355.934147937412,1.53365925532885,20.1309883282941,128.388338928318
2458,6.827778,355.90828918531,1.52130668890792,20.132214993061,128.378808101711
2459,6.830556,355.865192125391,1.4400191217695,20.1733563553534,128.204523819482
2460,6.833333,355.856052139618,1.43818804598646,20.1715229355959,128.204809004084
2461,6.836111,355.846908661713,1.4363563631291,20.1696880617529,128.205094565086
2462,6.838889,355.831015283844,1.41963123484155,20.170904343347,128.246136171802
2463,6.841667,355.826551470068,1.41791385347685,20.1713397089538,128.346046637693
2464,6.844444,355.82208821688,1.41619659782375,20.1717763653117,128.445478707787
2465,6.847222,355.829238516894,1.42191753168424,20.1406917686961,128.471673030014
2466,6.85,355.836390954909,1.42764621356723,20.109616956784,128.497849776554
2467,6.852778,355.843545531949,1.4333826626073,20.0785519039053,128.524008953946
2468,6.855556,355.842037039464,1.43057889970965,20.0781224046281,128.529982228442
2469,6.858333,355.851939488492,1.42720575040909,20.0795285911464,128.53900814453
2470,6.861111,355.861848660023,1.42382990216147,20.0809364611199,128.548037842026
2471,6.863889,355.882018180783,1.4314933845766,20.0681114022275,128.554670482875
2472,6.866667,355.850923404301,1.40289378657909,20.0792952883552,128.558938270727
2473,6.869444,355.819844760987,1.37433295209544,20.0904761520662,128.563205195301
2474,6.872222,355.841400341502,1.38876419648506,20.0568010665533,128.583355144737
2475,6.875,356.030781126497,1.46249361989526,20.090962239718,128.576237294977
2476,6.877778,356.220048268846,1.53686734031973,20.1251214057703,128.569120034494
2477,6.880556,356.219139625856,1.53996656389724,20.1092679446769,128.576039435212
2478,6.883333,356.245947827923,1.54094911274589,20.1344832713459,128.56870152396
2479,6.886111,356.272760633589,1.54193233345451,20.1597043157478,128.561360989511
2480,6.888889,356.271549197277,1.53204168697962,20.1723573376278,128.561809584323
2481,6.891667,356.270337788722,1.52214914044364,20.1850118498917,128.562258779024
2482,6.894444,356.269126843982,1.51225825573266,20.1976632966933,128.562708411516
2483,6.897222,356.262842266445,1.49209407641764,20.211717231825,128.573971747543
2484,6.9,356.256388285119,1.47059602775792,20.2351979304774,128.583834469875
2485,6.902778,356.249935089883,1.44906377748731,20.2587090974893,128.593703270437
2486,6.905556,356.237404024223,1.4227241726148,20.2573134603471,128.574191989896
2487,6.908333,356.217624550546,1.39793162256404,20.2806115459734,128.503547641943
2488,6.911111,356.197839886003,1.37309811118524,20.3039474446743,128.432591291681
2489,6.913889,356.163648862051,1.33700685216633,20.3284543896231,128.445413610869
2490,6.916667,356.152018964052,1.3204580262923,20.337344966889,128.437934714093
2491,6.919444,356.136332037027,1.29468085593222,20.3556755724651,128.456925902655
2492,6.922222,356.120640191923,1.26886288847321,20.3740453961211,128.475989302288
2493,6.925,356.104949078321,1.24301332688445,20.39244791515,128.495118449047
2494,6.927778,356.103283304189,1.22224184619808,20.4151514723447,128.505872526476
2495,6.930556,356.090426707487,1.19003296225024,20.4357551093615,128.603258782577
2496,6.933333,356.07757305577,1.15780132072266,20.4563871647156,128.700196918313
2497,6.936111,356.079361671774,1.14879270540678,20.4859836886722,128.721401171139
2498,6.938889,356.079979382365,1.12939439970928,20.4996912200171,128.736255323016
2499,6.941667,356.080597727625,1.10996623677564,20.5134322444204,128.751105411293
2500,6.944444,356.083740531351,1.10062344839552,20.5230091119144,128.76176054135
2501,6.947222,356.096110787289,1.08820566313789,20.5231722460766,128.782686339255
2502,6.95,356.108482633639,1.07576268325532,20.5233790790062,128.803590301326
2503,6.952778,356.119603834825,1.0667516527808,20.5302495959914,128.814490505458
2504,6.955556,356.130726238815,1.05771988301115,20.5371478541144,128.825383771279
2505,6.958333,356.141845841211,1.04867058778561,20.5440713925758,128.836266192361
2506,6.961111,356.645808816815,1.25783571603676,20.556763381371,128.848875230744
2507,6.963889,356.639883404679,1.239396895621,20.5719407006747,128.856503273714
2508,6.966667,356.6339569843,1.22092964598372,20.5871493166499,128.864128584465
2509,6.969444,356.651178750527,1.20337357204717,20.6089376530838,128.801208451065
2510,6.972222,356.648542033041,1.18210836530549,20.6203995000006,128.807346893526
2511,6.975,356.645905132618,1.16081234853656,20.6319001434304,128.81347704601
2512,6.977778,356.641539582331,1.13733962682921,20.6467814954446,128.819060591964
2513,6.980556,356.637173786497,1.11383489675531,20.6616994053172,128.824639426413
2514,6.983333,356.632809316814,1.090306563938,20.6766485485759,128.83021155111
2515,6.986111,356.62519038997,1.06261619742829,20.6952918028793,128.839164426436
2516,6.988889,356.62282059177,1.04206182368864,20.7080635052576,128.847907186309
2517,6.991667,356.620450839305,1.02147628332579,20.7208728373763,128.856643371586
2518,6.994444,356.35573442772,0.875367192928078,20.7337187614832,128.864081006843
2519,6.997222,356.090821189878,0.729478992786548,20.7466059652309,128.871515320273
2520,7,355.825806382299,0.583864460654784,20.7595298949524,128.878943642776
2521,7.002778,355.817657887167,0.55808750375242,20.7708719596384,128.825189962279
2522,7.005556,355.809510061826,0.532280952996199,20.7822522056556,128.771233959612
2523,7.008333,355.801365839109,0.50645404123429,20.793666574513,128.71709437626
2524,7.011111,355.785241972936,0.49542792750618,20.7969806491819,128.727039951779
2525,7.013889,355.779184080616,0.496244418765667,20.7940070510009,128.833345137895
2526,7.016667,355.773126307076,0.497060731432727,20.7910334759115,128.939115817009
2527,7.019444,355.766328139751,0.496221432111522,20.7912630747616,128.953307999623
2528,7.022222,355.887552208015,0.563579629609919,20.7957081686963,128.963784672569
2529,7.025,356.008810233317,0.631376352198791,20.8001531501585,128.97425958377
2530,7.027778,355.738044283322,0.452721902251154,20.8335079251479,128.988201456205
2531,7.030556,356.156921778505,0.674632018107173,20.8178129762141,128.993658245358
2532,7.033333,356.575327864243,0.897133116427725,20.8021219892303,128.99911358532
2533,7.036111,356.546239430334,0.845808195806917,20.8430689349636,129.002068508035
2534,7.038889,356.557940290946,0.851848684843853,20.8496751562349,129.001077698641
2535,7.041667,356.569641823611,0.857889858885805,20.8562811974701,129.000088161192
2536,7.044444,356.328338220122,0.744205223642791,20.8605696966896,128.996716077288
2537,7.047222,356.086826262587,0.630737214017204,20.8648634564862,128.993340729106
2538,7.05,355.845192351402,0.517526981228324,20.8691609330489,128.989963330118
2539,7.052778,355.851789350438,0.522969156283727,20.8802142801409,128.989654117266
2540,7.055556,356.229524055849,0.699743081679305,20.8883125082802,128.983637095472
2541,7.058333,356.60682351677,0.877070374907886,20.8964083831464,128.977622075335
2542,7.061111,356.744581343229,0.933436008659644,20.9152064136003,128.972112888868
2543,7.063889,356.72973275401,0.899928800143066,20.9402928547744,128.955310608679
2544,7.066667,356.714882688946,0.866415590477683,20.9653833636721,128.938509337602
2545,7.069444,356.128367554876,0.639182412415183,20.9658215810167,128.933951127321
2546,7.072222,356.406898556641,0.736186071266719,20.9793903213155,128.923711034959
2547,7.075,356.68553622111,0.832853338042231,20.992964683256,128.913472374379
2548,7.077778,356.483564980401,0.736157936376889,21.00331542243,128.849093259684
2549,7.080556,356.281644557508,0.639234516335403,21.0136661105471,128.784542663902
2550,7.083333,356.079846966131,0.542117803198391,21.024013021284,128.719843225023
2551,7.086111,355.746436493528,0.314799338156332,21.0751536362861,128.71414920174
2552,7.088889,355.728295885119,0.296665999712733,21.0898919780321,128.724927573114
2553,7.091667,355.705110393723,0.288978067714561,21.0922177542436,128.721877784154
2554,7.094444,355.690641973283,0.274329707235914,21.1071739182152,128.80398188799
2555,7.097222,355.67616914407,0.259676294090131,21.1221317365914,128.885741881949
2556,7.1,355.653413285205,0.256163690642136,21.1274055739244,128.88896089158
2557,7.102778,355.648302879713,0.250746314416386,21.1369030864857,128.891812358576
2558,7.105556,355.64319400148,0.245330178820497,21.1464002705764,128.894668932093
2559,7.108333,355.632700940313,0.247964177981547,21.1515552878993,128.905797137357
2560,7.111111,355.622203502972,0.250598316148722,21.1567083817749,128.916934056663
2561,7.113889,355.611705467895,0.253231644107688,21.1618576949544,128.92807567341
2562,7.116667,355.655388902213,0.268265992830731,21.1723160753798,128.930647745889
2563,7.119444,355.668207085037,0.279330533817784,21.1746915260981,128.938774109872
2564,7.122222,355.681032143493,0.290399251130248,21.1770662932051,128.946906105452
2565,7.125,355.685544369337,0.294808222833682,21.1872747693597,128.954782565619
2566,7.127778,355.697163496785,0.308330925998085,21.2094847615997,128.955880650401
2567,7.130556,355.708784105433,0.321851699556854,21.2317047607365,128.956996924836
2568,7.133333,355.722887460112,0.335582437169935,21.2314102376849,128.970397981514
2569,7.136111,355.735834219298,0.342392682329123,21.2374885540592,128.966200212761
2570,7.138889,355.748781899816,0.349203774978294,21.2435666177752,128.962002064937
2571,7.141667,355.791916798154,0.349360149695739,21.2549816813265,128.958534916076
2572,7.144444,355.930611069659,0.428280504474111,21.2602928683648,128.957541534694
2573,7.147222,356.069327757362,0.507760520170196,21.2656055373616,128.956547715347
2574,7.15,356.080120077013,0.500556515081817,21.2674203687914,128.947061008859
2575,7.152778,356.090920007183,0.493352909289747,21.269235746908,128.93757275241
2576,7.155556,356.101727548764,0.486149703025772,21.2710516719512,128.928082945817
2577,7.158333,356.057918251585,0.477530121932507,21.2880493338135,128.915434042804
2578,7.161111,356.04969500017,0.470197488811818,21.2967421325864,128.905250767253
2579,7.163889,356.041472501365,0.462865635434715,21.3054349411943,128.895067140254
2580,7.166667,356.029556575766,0.45211479160294,21.3133541824008,128.74697433764
2581,7.169444,356.029641683292,0.491040315903147,21.2801536473684,128.81477757648
2582,7.172222,356.029723917373,0.530000862456079,21.2469168908933,128.882327933482
2583,7.175,356.008494881609,0.499903240280286,21.2674817743384,128.879001126301
2584,7.177778,355.987261173618,0.469805048277779,21.2880420607754,128.875675217798
2585,7.180556,355.966022794893,0.439706287049946,21.308597750787,128.872350208243
2586,7.183333,355.959716948769,0.446438382705155,21.31390352561,128.875752341073
2587,7.186111,355.953409247367,0.453173134558178,21.3192073500435,128.879160888538
2588,7.188889,355.947101961465,0.459908117449656,21.3245073123092,128.882574622815
2589,7.191667,355.942871539585,0.477363001604381,21.3076479287654,128.886694023901
2590,7.194444,355.799193954716,0.410585638556453,21.2979707090773,128.886577833865
2591,7.197222,355.655492190619,0.344334041322357,21.2882913896165,128.886459623293
2592,7.2,355.661823143514,0.3694752389197,21.2522314547061,128.903526236585
2593,7.202778,355.660044197456,0.381534862122676,21.2414444093525,128.903438628178
2594,7.205556,355.658265090814,0.393591036035994,21.2306614435192,128.903349890975
2595,7.208333,355.656368553235,0.431033074501128,21.1919667543347,128.913408460637
2596,7.211111,355.656793804778,0.446186979449442,21.1820685326431,128.912262762833
2597,7.213889,355.657218936978,0.461337310736534,21.1721751591641,128.911115812494
2598,7.216667,355.661447628211,0.477951143375202,21.1629235979918,128.918400497722
2599,7.219444,355.630283871117,0.470688776252059,21.1679929865656,128.913605114335
2600,7.222222,355.599107112766,0.463415778445979,21.1730644208127,128.908807787182
2601,7.225,355.837075947223,0.590257035597936,21.1891601982961,128.904751280154
2602,7.227778,355.708131924185,0.530796980556691,21.1912187524903,128.918751420185
2603,7.230556,355.579187070043,0.471785128930549,21.1932787052142,128.932733154284
2604,7.233333,355.566262495211,0.470389858174171,21.2048130277139,128.925998852312
2605,7.236111,355.553332030082,0.468991611537145,21.2163521256814,128.919263491446
2606,7.238889,355.540400326156,0.467590889505994,21.2278918421588,128.912529500531
2607,7.241667,355.547412453043,0.520767412622989,21.1958774175277,128.910268433615
2608,7.244444,355.554410625689,0.573981527697807,21.1638069311328,128.908007673602
2609,7.247222,355.567110156326,0.59850542508233,21.168449160009,128.900037499038
2610,7.25,355.560053788444,0.605124360830702,21.1743294605099,128.895984514552
2611,7.252778,355.552997809284,0.611744718772773,21.1802092947123,128.891932921422
2612,7.255556,355.552894161551,0.621161895856794,21.1916395501511,128.891380940216
2613,7.258333,355.552790561791,0.630575931879068,21.2030673384433,128.89083534009
2614,7.261111,355.552686935391,0.639993606310481,21.2145008850089,128.890295733047
2615,7.263889,355.542488929054,0.618816510611222,21.2483785168589,128.876420174188
2616,7.266667,355.532284887625,0.597641951889772,21.2822371429251,128.862557663417
2617,7.269444,355.522078483057,0.576477536663887,21.3160645943949,128.848713185211
2618,7.272222,355.510953492358,0.587498766176934,21.3202818147803,128.85167623935
2619,7.275,355.499831618899,0.5985189043283,21.3244978883176,128.85464112003
2620,7.277778,355.488712862167,0.609537950434694,21.3287128139715,128.857607825234
2621,7.280556,355.492485827887,0.622806653939062,21.3437072660089,128.827347502362
2622,7.283333,355.496258159782,0.636070032115198,21.3586956353927,128.797096042138
2623,7.286111,355.500032575149,0.649337636174931,21.3736887054337,128.76683166488
2624,7.288889,355.493935995622,0.648694293953938,21.3883676849198,128.773280318161
2625,7.291667,355.50144294488,0.656053784724147,21.3985025381169,128.76551492916
2626,7.294444,355.508948835982,0.663409363436113,21.408634973135,128.757753406103
2627,7.297222,355.502847851713,0.657836339625879,21.4234521336648,128.746682532081
2628,7.3,355.496746473615,0.652262972346946,21.4382684053555,128.735612846907
2629,7.302778,355.490644701729,0.646689261640844,21.4530837865313,128.724544352277
2630,7.305556,355.495046597846,0.648927907690043,21.456820830246,128.718945601817
2631,7.308333,355.489438679591,0.641007257061592,21.4679068414212,128.711990458741
2632,7.311111,355.483829737322,0.63308432614088,21.478996193858,128.705033993554
2633,7.313889,355.474824472279,0.627672309587481,21.4864547319645,128.645959458354
2634,7.316667,355.46581953155,0.622260909631454,21.493912568081,128.586732584235
2635,7.319444,355.45681815667,0.616852074138468,21.5013670174905,128.527374149745
2636,7.322222,355.446303652575,0.60317754776638,21.5005875751361,128.524012641272
2637,7.325,355.435792774947,0.589505313387512,21.4998083058086,128.52065139938
2638,7.327778,355.425285523375,0.575835369456536,21.4990292100653,128.51729042461
2639,7.330556,355.472516959247,0.734355329093424,21.3839483923299,128.525057443235
2640,7.333333,355.444622763989,0.671636331342128,21.4172066605076,128.530345478426
2641,7.336111,355.416690733688,0.608916044775066,21.4504276545524,128.535635897451
2642,7.338889,355.415142867805,0.615564230478192,21.4313136963581,128.514401022887
2643,7.341667,355.406762720491,0.626235078693211,21.4090065890611,128.538854204351
2644,7.344444,355.39838579722,0.636904412798964,21.3867047981489,128.563293637245
2645,7.347222,355.39343132536,0.646124083157055,21.3684139800267,128.577972068895
2646,7.35,355.374614941152,0.658905607841385,21.3494507217989,128.673270043909
2647,7.352778,355.355809293066,0.671687531737108,21.3304902129858,128.768153998788
2648,7.355556,355.360253407574,0.679530824073256,21.3108023845836,128.78329592959
2649,7.358333,355.364266052829,0.689584706487082,21.2859673203806,128.795516401154
2650,7.361111,355.368280137086,0.699641533223046,21.2611230312395,128.807742279275
2651,7.363889,355.36963648172,0.706474461529179,21.2403949289921,128.823391154892
2652,7.366667,355.376859996993,0.711716809098599,21.2192844934435,128.83333373068
2653,7.369444,355.384082340677,0.716955149039437,21.1981812590752,128.843274856005
2654,7.372222,355.384832750724,0.713444022950648,21.1832977470791,128.849603869649
2655,7.375,355.385584814953,0.709932870205895,21.1684131128621,128.855934812709
2656,7.377778,355.386338533718,0.706421690964396,21.1535273572706,128.862267684361
2657,7.380556,355.388360098774,0.702803600508496,21.1353493283967,128.869423353603
2658,7.383333,355.389340070078,0.690812716487404,21.1293793513297,128.867059259313
2659,7.386111,355.390320049436,0.678817604658892,21.1234034037291,128.86469400321
2660,7.388889,355.376571122739,0.662298089838885,21.1024008090898,128.866612071531
2661,7.391667,355.373873701564,0.649710938203548,21.0879027894571,128.868954406439
2662,7.394444,355.371179363975,0.637129187249396,21.0734060781231,128.871298016411
2663,7.397222,355.379006314514,0.641384998842536,21.0488958502304,128.883098128187
2664,7.4,355.373900609637,0.621085346176718,20.9594902497359,128.88229029775
2665,7.402778,355.371174713935,0.61431173617062,20.9322607679092,128.765479680084
2666,7.405556,355.368111523939,0.614839603540764,20.88260742767,128.783521858366
2667,7.408333,355.36505150744,0.615368143267117,20.8329691482115,128.801569854105
2668,7.411111,355.286025530654,0.483343973014064,20.8277284579768,128.783255436841
2669,7.413889,355.207550995175,0.351418019315114,20.822934303185,128.76492086057
2670,7.416667,355.129623195559,0.219578536193609,20.8185937942018,128.746566224651
2671,7.419444,356.047928813222,0.656845252352873,20.616639329318,128.850386718862
2672,7.422222,356.173974556701,0.879062155301114,20.4634521838219,128.99594611649
2673,7.425,356.301072023199,1.10059848903944,20.3119800846125,129.141006479327
2674,7.427778,356.297465383902,1.10563762623982,20.3076707479241,129.154499386551
2675,7.430556,356.293859426322,1.1106798267596,20.3033649531651,129.168029223157
2676,7.433333,356.290255448445,1.11572327361785,20.2990642550815,129.181591209847
2677,7.436111,356.326210403471,1.12508979858069,20.2444131709811,129.203759310857
2678,7.438889,356.32294548778,1.12586103961243,20.1900700642428,129.224126977803
2679,7.441667,356.319681625106,1.12662852456065,20.1357325114761,129.244495744936
2680,7.444444,356.324642022583,1.13884504499429,20.0784975795418,129.270181807985
2681,7.447222,356.331486612328,1.13760046236606,20.0354311693415,129.291366006398
2682,7.45,356.338332292624,1.13635360576821,19.9923725451057,129.312545215272
2683,7.452778,356.343536033898,1.12720731584727,19.9590945075491,129.315897654823
2684,7.455556,356.348184601201,1.12306886798889,19.9150417275761,129.323033759271
2685,7.458333,356.352832858447,1.11893103862383,19.8710093678061,129.330151870029
2686,7.461111,356.355665933303,1.11248181936183,19.8366974374755,129.334875444926
2687,7.463889,356.358500177088,1.10603297508746,19.8023924324858,129.339586790113
2688,7.466667,356.361335589516,1.09958450596563,19.7680943744656,129.344285897687
2689,7.469444,356.352839773671,1.07813111558341,19.6964137021467,129.366231079572
2690,7.472222,356.360107330235,1.08287538530299,19.6534430705906,129.369240527875
2691,7.475,356.36737622253,1.08760759008554,19.6104598965823,129.372275825149
2692,7.477778,356.365287364962,1.06979159078797,19.5744588066299,129.383636926045
2693,7.480556,356.353752105533,1.06110128508669,19.5105413318888,129.2887312237
2694,7.483333,356.34222132869,1.05241436817261,19.4466309972649,129.192991490776
2695,7.486111,356.362053187908,1.0390024511053,19.4264718358793,129.192376722688
2696,7.488889,356.338613279162,1.02672934026241,19.3900359757635,129.206165930938
2697,7.491667,356.315183684296,1.01445647272712,19.3536063016527,129.219960591505
2698,7.494444,356.333126097116,1.00324044098723,19.3137090428157,129.226849206639
2699,7.497222,356.310340683354,0.995270749002033,19.2857439424678,129.233217384228
2700,7.5,356.287566380377,0.987301421119113,19.2577743027361,129.239583858186
2701,7.502778,356.276987241758,0.952108518983438,19.2385159110672,129.266019567952
2702,7.505556,356.266410644225,0.916894703339571,19.2193054602422,129.292434623647
2703,7.508333,356.255840396207,0.881672616721795,19.2001498930762,129.318819520769
2704,7.511111,356.248153163768,0.874883859086458,19.1741252981418,129.34044036257
2705,7.513889,356.239466427396,0.866624873936896,19.1499514254463,129.362214258612
2706,7.516667,356.230780043344,0.858366483374914,19.1257780454615,129.38398759071
2707,7.519444,356.223317565594,0.861679701768344,19.0880644787554,129.458019223931
2708,7.522222,356.215852356609,0.864990987486278,19.0503511072768,129.53199799629
2709,7.525,356.208387103589,0.868299149219181,19.0126515243176,129.605897338754
2710,7.527778,356.201947470564,0.861581279144419,18.9737385520738,129.697824304962
2711,7.530556,356.195508063017,0.854863647122663,18.9348302475034,129.789545313883
2712,7.533333,356.189071199091,0.848148671445406,18.8959406464868,129.881028457241
2713,7.536111,356.191838659861,0.842050446973495,18.851185559645,129.900368914688
2714,7.538889,356.194605727604,0.835951883139208,18.8064327990459,129.919724816458
2715,7.541667,356.197372402173,0.829852979950909,18.7616824288991,129.939096094832
2716,7.544444,356.210580315054,0.831351882456708,18.720520144455,129.965189548013
2717,7.547222,356.236396901188,0.82923966186608,18.6854127155093,129.975278937249
2718,7.55,356.262228968902,0.827127620615478,18.6503036990805,129.985376935259
2719,7.552778,356.230122309459,0.80527012654361,18.6158059722835,129.973879051575
2720,7.555556,356.227920269773,0.80850285779773,18.5643752803746,129.986388394124
2721,7.558333,356.225722810339,0.811734564727702,18.5129621168158,129.998907543739
2722,7.561111,356.139852101689,0.767046996198294,18.5059640777819,129.827315199999
2723,7.563889,356.214774549023,0.761249738609914,18.4747074263945,129.842959259813
2724,7.566667,356.209280919935,0.754721232711294,18.4477125971649,129.863313198544
2725,7.569444,356.150843794259,0.657172869894859,18.4602124067795,129.876732390014
2726,7.572222,356.092340240453,0.559674207902477,18.4725479081226,129.890191971134
2727,7.575,356.094315330305,0.609464641778153,18.4001444111261,129.902075255309
2728,7.577778,356.096279717809,0.659314516189367,18.327665227017,129.913961573395
2729,7.580556,356.098233425188,0.709223995119265,18.2551102317535,129.925850911915
2730,7.583333,356.114874320938,0.79781886539446,18.1544814100985,129.960239826449
2731,7.586111,356.088657435432,0.7386270768702,18.1517777134293,129.97448926324
2732,7.588889,356.062403068559,0.67949168804263,18.148975243736,129.988743816455
2733,7.591667,356.059942310397,0.672761378808003,18.1146633863513,130.141024254397
2734,7.594444,356.057483290114,0.66603412715825,18.0803775826893,130.29269726262
2735,7.597222,356.055024236706,0.6593050881078,18.0460931585886,130.443874815055
2736,7.6,356.034005585809,0.645416383916121,17.9913863743433,130.511918046756
2737,7.602778,356.014441325952,0.640186261957203,17.9165608190671,130.550964067971
2738,7.605556,355.994878787953,0.634956365485882,17.8417641082363,130.590041873806
2739,7.608333,356.005596614457,0.627287761292404,17.7728460250364,130.627846429506
2740,7.611111,356.016327480636,0.619618298881008,17.7039141576393,130.665686265099
2741,7.613889,356.027067528501,0.611950739765206,17.6349935181398,130.703547543358
2742,7.616667,356.034550536212,0.60746963885461,17.5854792315811,130.725806218614
2743,7.619444,356.042033075965,0.602990208279211,17.5359838677156,130.748068154188
2744,7.622222,356.049520536292,0.598509222000594,17.4864718536804,130.770349313224
2745,7.625,356.05816085615,0.585543003767201,17.4498688179774,130.795310168944
2746,7.627778,355.65784495435,0.383616697707625,17.4057577021846,130.782860757546
2747,7.630556,355.257260470692,0.182321597762426,17.3616507119921,130.770404473537
2748,7.633333,355.255355226408,0.164037748490591,17.3272436700027,130.783494445206
2749,7.636111,355.253448657563,0.145748294080489,17.2928204759256,130.796603226211
2750,7.638889,355.251541450233,0.127459818568003,17.2583935674826,130.809726065578
2751,7.641667,355.252856450904,0.116255241174693,17.2040385798184,130.815457726104
2752,7.644444,355.254168689122,0.105053701169338,17.1496649450343,130.821254788889
2753,7.647222,355.255479109431,0.0938471308771423,17.0952335654752,130.82712141218
2754,7.65,355.254173071866,0.0689684397489003,17.0514095953595,130.833734234096
2755,7.652778,355.237632346808,0.0427650240365871,16.9818757005328,130.741080152714
2756,7.655556,355.221081000412,0.0165528971624944,16.9123440711454,130.647809209985
2757,7.658333,355.199955358633,359.950191037523,16.8369351567837,130.685536259041
2758,7.661111,355.1787959356,359.883832109659,16.7615408023886,130.723414536613
2759,7.663889,355.157610307155,359.817499918276,16.6861890430301,130.761428905078
2760,7.666667,355.153933564925,359.81051043981,16.7590249743652,130.701453605367
2761,7.669444,355.155820155325,359.84724768926,16.6792572581955,130.846197021958
2762,7.672222,355.157705875773,359.884070237708,16.5993954307072,130.990455079529
2763,7.675,355.127098966063,359.863633435657,16.5374054757525,131.020016070588
2764,7.677778,355.118347778149,359.864517179119,16.4599374083888,131.048539558415
2765,7.680556,355.109609765985,359.865430710968,16.3824270687595,131.077123200484
2766,7.683333,355.097591434124,359.861431473821,16.3065370122284,131.115868066164
2767,7.686111,355.09587414815,359.866406276117,16.2106694098703,131.160744287101
