,timestamp,we,es,se,ew
2157,5.991667,2.749743435,20.85460662,39.63814259,122.0244376
2158,5.994444,2.754579125,20.77796731,39.52637379,122.1059396
2159,5.997222,2.747141528,20.71463336,39.47468364,122.2200781
2160,6,2.739716989,20.65130948,39.42301133,122.334223
2161,6.002778,2.732305509,20.58799572,39.37135737,122.4483739
2162,6.005556,2.73082269,20.51331048,39.29722071,122.5516174
2163,6.008333,2.729357487,20.43866197,39.22304323,122.6548214
2164,6.011111,2.727908846,20.3639965,39.14877265,122.7580589
2165,6.013889,2.806793756,20.24047011,39.02233211,122.8438128
2166,6.016667,2.885634367,20.1169974,38.8956483,122.9297129
2167,6.019444,2.964402377,19.99362294,38.76877055,123.015725
2168,6.022222,3.047844607,19.66374623,39.09603947,122.9783305
2169,6.025,3.131336486,19.33498072,39.42196171,122.9411248
2170,6.027778,3.214878362,19.00732953,39.74653433,122.9041077
2171,6.030556,3.093669907,19.22664524,39.2823114,123.1392185
2172,6.033333,2.972484992,19.44642047,38.81688508,123.3749503
2173,6.036111,2.851236589,19.66681223,38.34993111,123.6114632
2174,6.038889,2.864598611,19.37539135,38.6223222,123.5882601
2175,6.041667,2.877966733,19.0851004,38.89357038,123.5650235
2176,6.044444,2.891336137,18.79604789,39.16357401,123.5417618
2177,6.047222,2.885878858,18.74768238,39.05805341,123.6415521
2178,6.05,2.8883222,18.69308444,38.9780905,123.7428639
2179,6.052778,2.890766279,18.63849237,38.89808473,123.844164
2180,6.055556,2.955980517,19.18778711,37.73680676,124.377116
2181,6.058333,2.969360908,19.13769044,37.60768719,124.4440194
2182,6.061111,2.971661729,19.06738027,37.51188202,124.5456599
2183,6.063889,2.977501121,19.01405658,37.42132545,124.6447998
2184,6.066667,2.983346237,18.96073401,37.33074279,124.7438949
2185,6.069444,2.977967614,18.69549158,37.5971239,124.6984198
2186,6.072222,2.972568612,18.4313909,37.86234955,124.6528782
2187,6.075,2.967151143,18.16852844,38.12632288,124.6072863
2188,6.077778,3.000343247,18.10937894,38.0204222,124.7078008
2189,6.080556,3.014659983,18.02582302,37.95116613,124.8026587
2190,6.083333,3.0289796,17.94232853,37.88184052,124.8974557
2191,6.086111,3.051246593,17.88748568,37.80899052,125.0072969
2192,6.088889,3.042613428,17.82623794,37.70393005,125.1076209
2193,6.091667,3.033962512,17.76501619,37.59880825,125.2079055
2194,6.094444,3.024933417,17.70973741,37.50273802,125.308025
2195,6.097222,3.209557609,17.55284549,37.42427331,125.3992157
2196,6.1,3.394203504,17.39558182,37.3457181,125.490392
2197,6.102778,3.399869118,17.3379326,37.24423692,125.5656815
2198,6.105556,3.40690168,17.22803923,37.17311397,125.6607021
2199,6.108333,3.413927132,17.11821353,37.1019296,125.7556485
2200,6.111111,3.422014507,17.07484148,36.98904563,125.8549511
2201,6.113889,3.432655329,17.03684227,36.88835336,125.951327
2202,6.116667,3.443297172,16.99885222,36.78761192,126.047669
2203,6.119444,3.393673382,16.96112757,36.67377692,126.1558746
2204,6.122222,3.399102186,16.92528249,36.55613165,126.2528492
2205,6.125,3.404523397,16.88944996,36.43842663,126.3497795
2206,6.127778,3.41624487,16.47787363,36.96808957,126.1811146
2207,6.130556,3.428846351,16.4304079,36.8572496,126.2602573
2208,6.133333,3.441447507,16.38297392,36.74624906,126.3393534
2209,6.136111,3.436750403,16.33654617,36.65075122,126.4197897
2210,6.138889,3.433507413,16.32795139,36.50233842,126.5237289
2211,6.141667,3.430264162,16.31936227,36.35389663,126.6276057
2212,6.144444,3.441521489,16.28449558,36.23132521,126.7240691
2213,6.147222,3.452784201,16.24962505,36.10863531,126.8205224
2214,6.15,3.464048245,16.21476324,35.98587296,126.9169285
2215,6.152778,3.469673986,17.26997527,34.07425734,127.7180722
2216,6.155556,3.463090844,17.23728555,33.88496635,127.7912141
2217,6.158333,3.456505539,17.20461325,33.69552687,127.8644136
2218,6.161111,3.476047835,17.16408534,33.61177455,127.9679984
2219,6.163889,3.495590895,17.12355975,33.52801637,128.0715647
2220,6.166667,3.515134719,17.08303649,33.44425312,128.1751115
2221,6.169444,3.532275273,17.06844224,33.28967304,128.2650596
2222,6.172222,3.544342374,17.02284106,33.18281273,128.3633493
2223,6.175,3.556409748,16.97725408,33.07596488,128.4615333
2224,6.177778,3.635192676,16.78603347,33.04802875,128.5672737
2225,6.180556,3.649579162,16.73875432,32.91472555,128.6644012
2226,6.183333,3.663959944,16.69152806,32.78142228,128.7614074
2227,6.186111,3.664287376,16.23575933,33.28193269,128.6750626
2228,6.188889,3.807561432,15.80881961,33.73999314,128.5085971
2229,6.191667,3.950783717,15.38502755,34.19480553,128.3420265
2230,6.194444,3.961623937,15.33645532,33.99570288,128.2668124
2231,6.197222,3.954114891,15.30959922,33.87891508,128.4325033
2232,6.2,3.946601811,15.28276952,33.76249103,128.5977862
2233,6.202778,3.972019626,15.24814676,33.7010218,128.6452902
2234,6.205556,3.997432954,15.21353506,33.63934322,128.6927478
2235,6.208333,4.022832649,15.17894685,33.57747736,128.7401402
2236,6.211111,3.860616735,15.23792393,33.3926901,128.8684837
2237,6.213889,3.698355924,15.29667258,33.20829185,128.9965678
2238,6.216667,3.536048338,15.35519347,33.02428703,129.124388
2239,6.219444,3.546127956,16.03091316,31.63698622,129.7136004
2240,6.222222,3.539037309,15.99919125,31.53730962,129.7876251
2241,6.225,3.544720988,15.92423734,31.43670476,129.874301
2242,6.227778,3.541195915,15.90186258,31.31380363,129.9655292
2243,6.230556,3.537670979,15.87947598,31.19093959,130.0565814
2244,6.233333,3.536983705,16.15441075,30.5252257,130.3603958
2245,6.236111,3.529871263,16.16448334,30.37897513,130.4649438
2246,6.238889,3.522758266,16.17455827,30.23270977,130.5693747
2247,6.241667,3.520331788,16.15115674,30.06682483,130.6206947
2248,6.244444,3.464318606,16.13255889,29.92796145,130.7126124
2249,6.247222,3.408449596,16.11394521,29.78902475,130.8044041
2250,6.25,3.531149039,16.10792241,29.63127263,130.8876047
2251,6.252778,3.533236802,16.07070053,29.26485082,130.8060837
2252,6.255556,3.535324692,16.03348088,28.89618561,130.7259228
2253,6.258333,3.552862512,15.97742868,28.94962819,130.8311398
2254,6.261111,3.55991676,15.93711667,29.06858097,131.0470819
2255,6.263889,3.566970541,15.89680693,29.18711359,131.2643418
2256,6.266667,3.580169883,15.17291984,30.27853662,130.7954774
2257,6.269444,3.584230922,15.13421298,29.88476204,130.7034399
2258,6.272222,3.588293277,15.09549705,29.48844375,130.6132293
2259,6.275,3.597284507,15.03795102,29.47349219,130.6837283
2260,6.277778,3.777765742,14.89885265,29.43109476,130.7513139
2261,6.280556,3.958150368,14.75946857,29.38863742,130.81887
2262,6.283333,3.951213925,14.69827766,29.84468693,131.2079699
2263,6.286111,3.950249014,14.65400381,30.26276959,131.2498117
2264,6.288889,3.949279368,14.60974359,30.68269271,131.2995366
2265,6.291667,3.954795593,14.57524367,30.64110206,131.3741737
2266,6.294444,3.983165132,14.87567229,29.43486221,131.7124699
2267,6.297222,4.011536444,15.17898815,28.22812701,132.056218
2268,6.3,4.030272779,15.12947879,28.17223916,132.1270595
2269,6.302778,4.157678849,14.98530876,27.71125615,131.9804517
2270,6.305556,4.285059439,14.84112588,27.24687129,131.8374237
2271,6.308333,4.297312871,14.78799565,28.01713614,132.3319143
2272,6.311111,4.297268616,14.75908259,27.59729403,132.2122787
2273,6.313889,4.297224781,14.73017604,27.17473594,132.0942873
2274,6.316667,4.290762673,14.69459825,27.07247103,132.1423252
2275,6.319444,4.287312388,14.66754508,26.99619174,132.2131325
2276,6.322222,4.283863248,14.64048486,26.91982692,132.2838845
2277,6.325,4.298444606,14.59159973,26.82612346,132.3373694
2278,6.327778,4.024534029,14.6915164,26.73922204,132.3952069
2279,6.330556,3.750326459,14.79078891,26.65224816,132.4528464
2280,6.333333,3.744687677,14.7539768,26.57217044,132.439852
2281,6.336111,3.759222579,14.38581534,27.04022969,132.2498653
2282,6.338889,3.773763846,14.02078807,27.50522633,132.0594685
2283,6.341667,3.784199693,13.96954239,27.42693518,132.1665299
2284,6.344444,3.791048205,13.91642124,28.07338905,132.3983886
2285,6.347222,3.79790029,13.86329553,28.71977572,132.6504566
2286,6.35,3.778686119,13.88782572,27.80718564,132.7612931
2287,6.352778,3.740156976,13.83249487,27.7245913,132.8229015
2288,6.355556,3.701755419,13.77716883,27.64197677,132.8842744
2289,6.358333,3.717739282,13.71459163,28.32832443,132.8966422
2290,6.361111,3.72615202,13.84027999,27.8676342,133.1387668
2291,6.363889,3.734569753,13.96683858,27.40621335,133.3804922
2292,6.366667,3.737463696,13.860441,27.34018081,133.4331304
2293,6.369444,3.753593473,13.73411206,26.9560497,133.5022741
2294,6.372222,3.769700337,13.60771882,26.57392957,133.5738725
2295,6.375,3.767330333,13.55807939,26.48844097,133.6302524
2296,6.377778,3.796634629,13.49223788,26.41651217,133.6915099
2297,6.380556,3.773444568,13.44364699,26.33840644,133.7513925
2298,6.383333,3.917363404,13.29948566,26.12820664,133.6521285
2299,6.386111,4.061351792,13.15505792,25.91654024,133.5516688
2300,6.388889,4.005651073,13.07929269,26.14696188,133.9126792
2301,6.391667,3.981292018,13.01821661,26.08391275,133.9775466
2302,6.394444,3.956956725,12.95718287,26.02092243,134.0421463
2303,6.397222,4.180874495,12.78993385,25.93923664,134.0986087
2304,6.4,4.174307508,12.81008577,25.58322622,134.0386658
2305,6.402778,4.167744405,12.83025395,25.22519549,133.9779115
2306,6.405556,4.125950266,12.64919784,25.40745941,133.9332663
2307,6.408333,3.847431049,12.73634283,25.44417715,134.1644474
2308,6.411111,3.568642538,12.82309657,25.48086507,134.3958162
2309,6.413889,3.545626024,12.78351861,25.39716759,134.4478337
2310,6.416667,3.536566269,12.74962284,25.27714595,134.495868
2311,6.419444,3.527510558,12.71574488,25.15712753,134.5435341
2312,6.422222,3.51689696,12.65942185,25.0690699,134.6076
2313,6.425,3.50363153,12.60704439,25.01293537,134.6641185
2314,6.427778,3.490366338,12.55468486,24.95677348,134.7204435
2315,6.430556,3.48428298,12.47654914,24.90791658,134.7661022
2316,6.433333,2.785842902,12.67979606,24.8190752,134.8176395
2317,6.436111,2.090477333,12.88594683,24.73017351,134.868889
2318,6.438889,3.714112522,12.10908589,24.37146177,134.5679452
2319,6.441667,3.543097854,12.14651085,24.43573943,134.7772224
2320,6.444444,3.371971728,12.18371569,24.49986235,134.98709
2321,6.447222,3.370085203,12.12477404,24.46095171,135.0488094
2322,6.45,3.364380834,12.09809358,24.36314572,135.1208843
2323,6.452778,3.358658399,12.07140218,24.26534244,135.192734
2324,6.455556,3.501672754,11.91891948,24.22928598,135.2282723
2325,6.458333,3.644591669,11.76643296,24.19321451,135.263494
2326,6.461111,3.78751821,11.61383319,24.15710255,135.298422
2327,6.463889,3.766649415,11.56278718,24.10130453,135.341784
2328,6.466667,3.753166765,11.48951584,23.85342478,135.205058
2329,6.469444,3.73971236,11.41628969,23.6041501,135.0672618
2330,6.472222,3.734703635,11.35064541,23.90699258,135.4393359
2331,6.475,3.445517604,11.43170697,23.892439,135.6248657
2332,6.477778,3.156190298,11.51230656,23.87801616,135.8100989
2333,6.480556,2.478048753,11.71664143,23.83946655,135.8929664
2334,6.483333,2.79019222,11.53668669,23.79656893,135.8437286
2335,6.486111,3.102601644,11.35747173,23.75363754,135.7947778
2336,6.488889,3.084713927,11.29043305,22.99395688,135.3376504
2337,6.491667,3.06746033,11.24629547,23.31064708,135.4274846
2338,6.494444,3.050213245,11.20219266,23.62714433,135.5200972
2339,6.497222,3.342367175,10.99897073,23.63373682,135.5791945
2340,6.5,3.260288637,10.95745752,23.59568596,135.518412
2341,6.502778,3.178452264,10.91596463,23.55757073,135.457852
2342,6.505556,3.177876978,10.81846515,23.58187627,135.4150492
2343,6.508333,3.120840685,10.68920806,23.44183808,135.1950605
2344,6.511111,3.06343508,10.55991929,23.30054836,134.9759704
2345,6.513889,3.222121604,10.44525653,23.65990831,135.3018669
2346,6.516667,3.16870668,10.47156408,23.54831,135.3086902
2347,6.519444,3.115629214,10.49788545,23.43668695,135.3156091
2348,6.522222,3.374009532,10.42063809,23.41733583,135.276674
2349,6.525,3.029889235,10.53174286,23.1866016,135.0365607
2350,6.527778,2.685383822,10.64150538,22.95437529,134.7978403
2351,6.530556,2.68384009,10.58427788,23.01361966,134.7531724
2352,6.533333,3.125774779,10.30167843,22.95743007,134.702747
2353,6.536111,3.161535412,10.22122227,22.99012776,134.6626299
2354,6.538889,3.223411318,10.15475828,22.98536246,134.6339443
2355,6.541667,3.285296756,10.08821548,22.9805862,134.6053018
2356,6.544444,3.322778861,10.02879528,23.30085633,134.9242141
2357,6.547222,3.344660777,9.907010399,23.41181583,134.8448
2358,6.55,3.366543644,9.785367387,23.52262436,134.7654941
2359,6.552778,2.694063414,10.07321842,23.515308,134.7363778
2360,6.555556,2.715297889,10.08210848,23.42037561,134.7486895
2361,6.558333,2.736513954,10.09100867,23.32547604,134.7610748
2362,6.561111,2.858768397,9.906039024,23.56376632,134.6422214
2363,6.563889,2.853337599,9.613749365,24.04870411,134.3885519
2364,6.566667,2.847907578,9.324217601,24.53121051,134.1346101
2365,6.569444,2.90290853,9.216666272,24.43451035,133.9666638
2366,6.572222,2.957926282,9.10913155,24.33709848,133.7990981
2367,6.575,3.012941061,9.001652231,24.23900865,133.6319957
2368,6.577778,3.003644681,8.967986944,24.25250298,133.6071589
2369,6.580556,3.327608156,8.733533076,24.24626825,133.5914911
2370,6.583333,3.651703109,8.496924355,24.24004465,133.5758811
2371,6.586111,2.86758984,9.408252983,23.26940387,134.0032637
2372,6.588889,2.865031832,9.119196295,23.75339644,133.7457742
2373,6.591667,2.862478664,8.832746433,24.23502647,133.4880926
2374,6.594444,2.86750014,8.798115824,24.23338427,133.4542101
2375,6.597222,2.878594929,8.880652845,23.98916856,133.5212599
2376,6.6,2.889697045,8.96345004,23.74477309,133.5883914
2377,6.602778,3.694383332,8.739083955,23.67244969,134.1658769
2378,6.605556,3.711956262,8.44570205,24.135411,133.9141257
2379,6.608333,3.729528324,8.154737226,24.59610081,133.6623017
2380,6.611111,3.415272951,8.324159665,24.53091758,133.5874741
2381,6.613889,3.10109205,8.491739725,24.46559567,133.5127375
2382,6.616667,2.786927063,8.657502099,24.40013498,133.4380943
2383,6.619444,2.758298728,8.650977467,24.24283245,133.3331861
2384,6.622222,2.729702651,8.644449096,24.08517389,133.229184
2385,6.625,2.701149051,8.637919339,23.927218,133.1261337
2386,6.627778,2.725899352,9.039933076,23.132265,133.4757378
2387,6.630556,2.723604705,8.842886695,23.47150413,133.2807198
2388,6.633333,2.72131327,8.647274124,23.80942018,133.0856704
2389,6.636111,2.7308964,8.627934334,24.18153422,133.4450343
2390,6.638889,2.744550724,8.602122175,23.95332953,133.2234269
2391,6.641667,2.758210384,8.576322867,23.72367983,133.003172
2392,6.644444,2.772957084,8.55605571,23.68424686,132.9746224
2393,6.647222,2.91146198,8.620041936,23.18700936,133.0554286
2394,6.65,3.04991267,8.684358395,22.69022294,133.1384637
2395,6.652778,3.074182041,8.645572547,23.24149868,133.182238
2396,6.655556,3.1041232,8.575853784,23.27133482,133.1320246
2397,6.658333,3.134078328,8.506176587,23.30115234,133.0819298
2398,6.661111,3.136458501,8.47168809,23.2951933,133.0498199
2399,6.663889,3.138837924,8.437197789,23.28923817,133.0177858
2400,6.666667,3.141216599,8.402705705,23.28328697,132.9858274
2401,6.669444,3.208464422,8.24492358,23.34553088,132.9571794
2402,6.672222,2.9723605,8.339167257,23.32907489,132.9262872
2403,6.675,2.736094175,8.433121171,23.31261936,132.8954607
2404,6.677778,2.740656185,8.401556914,23.30231617,132.869725
2405,6.680556,2.734013464,8.384352862,23.27519802,132.8377961
2406,6.683333,2.727374074,8.367152335,23.24809777,132.8059875
2407,6.686111,2.722140851,8.358464013,23.21486293,132.7760981
2408,6.688889,2.700095178,8.356095905,23.10048164,132.7208895
2409,6.691667,2.678053822,8.353723293,22.98608373,132.6662716
2410,6.694444,2.657199025,8.353046787,23.13323974,132.6904206
2411,6.697222,2.640867095,8.081023278,23.85937028,132.7521803
2412,6.7,2.617885276,8.350314156,23.33856733,132.9358792
2413,6.702778,2.597751391,8.233366662,23.24024099,132.6429817
2414,6.705556,2.577621137,8.116784279,23.14079849,132.3538292
2415,6.708333,2.873726877,7.282056161,23.37741525,132.2487003
2416,6.711111,2.863075595,7.277970127,23.76476155,132.3879606
2417,6.713889,2.852423854,7.273882318,24.15118288,132.5321759
2418,6.716667,2.744126714,7.280883153,24.088068,132.4889287
2419,6.719444,2.750287442,7.276425161,24.06718017,132.4625934
2420,6.722222,2.756461648,7.271963632,24.04628463,132.4362986
2421,6.725,2.745697011,7.25735916,23.90676581,132.2764638
2422,6.727778,2.734932458,7.2427575,23.76665376,132.1173548
2423,6.730556,2.72416799,7.228158657,23.62594778,131.958992
2424,6.733333,2.714965346,7.49182404,23.11720942,132.1515002
2425,6.736111,2.708502071,7.484797765,23.1628219,132.1474943
2426,6.738889,2.702038947,7.477770789,23.20842687,132.1435122
2427,6.741667,2.713068557,7.438487877,23.06383996,132.0977605
2428,6.744444,2.707800468,7.441553057,23.22587307,132.1672722
2429,6.747222,2.702533174,7.444614941,23.38767274,132.2375966
2430,6.75,2.718226587,7.42016744,23.38712337,132.200918
2431,6.752778,2.888088128,7.325415246,23.12023811,132.0930559
2432,6.755556,3.057845386,7.230442803,22.8530874,131.988123
2433,6.758333,3.059704955,7.220343791,23.02350525,132.0532248
2434,6.761111,3.061565335,7.210242101,23.19376148,132.1192122
2435,6.763889,3.063425858,7.20014137,23.3637926,132.1860595
2436,6.766667,3.055183392,7.203879945,22.9291149,131.8310984
2437,6.769444,3.055332819,7.198165597,22.91386743,131.8100831
2438,6.772222,3.055482512,7.192448471,22.89860824,131.7890821
2439,6.775,3.048789295,7.19288086,22.7309604,131.8262992
2440,6.777778,3.041323267,7.054995018,22.98072986,131.687367
2441,6.780556,3.033857766,6.917677589,23.23001377,131.548353
2442,6.783333,3.034908598,6.923171607,23.37263849,131.4718746
2443,6.786111,3.02735811,6.92148826,23.36333534,131.4492651
2444,6.788889,3.019807927,6.919802895,23.35402833,131.4266641
2445,6.791667,3.018138834,6.92437223,23.32649125,131.4158764
2446,6.794444,3.020611721,7.052861483,22.99868605,131.5312459
2447,6.797222,3.023085661,7.181882896,22.67063991,131.6466697
2448,6.8,3.008667632,7.198834121,22.64461168,131.6229437
2449,6.802778,2.959277877,7.312558063,22.5625219,131.6043005
2450,6.805556,2.909877901,7.426246211,22.48047521,131.5856688
2451,6.808333,2.902983315,7.429982876,22.59584444,131.4955087
2452,6.811111,2.902413746,7.425006668,22.58106903,131.4687567
2453,6.813889,2.901844404,7.420028443,22.56628508,131.4420179
2454,6.816667,2.903600134,7.42024288,22.5355007,131.4281201
2455,6.819444,2.905355381,7.42045719,22.50472083,131.4142645
2456,6.822222,2.907111408,7.420671525,22.47392333,131.400441
2457,6.825,2.911842528,7.416004383,22.31087306,131.450341
2458,6.827778,2.928114325,7.508872752,22.0968864,131.5449034
2459,6.830556,2.944388225,7.60214129,21.88261198,131.6393654
2460,6.833333,2.752880335,7.915441659,21.93480546,131.4381852
2461,6.836111,2.764121849,7.916172904,21.90673308,131.4266314
2462,6.838889,2.775363438,7.916904696,21.87865111,131.4150964
2463,6.841667,2.78382843,7.653933957,22.34381998,131.1893439
2464,6.844444,2.788122318,7.642403984,22.33850673,131.1543232
2465,6.847222,2.79241781,7.630869462,22.33317815,131.1192789
2466,6.85,2.796087456,7.62970533,22.31431918,131.1029946
2467,6.852778,2.799756389,7.628541271,22.29545393,131.0867237
2468,6.855556,2.809814908,7.625715193,22.26381083,131.0676674
2469,6.858333,2.808668762,7.628179486,22.23398491,131.0531179
2470,6.861111,2.807522187,7.630644589,22.20414198,131.038595
2471,6.863889,2.8153816,7.62845121,22.17698495,131.0269752
2472,6.866667,2.812068077,7.633901371,22.164283,131.0192759
2473,6.869444,2.80875597,7.63934928,22.15158381,131.0115811
2474,6.872222,2.809361504,7.633385291,22.13834573,130.9999041
2475,6.875,2.805686648,7.639190458,22.11774812,130.9893488
2476,6.877778,2.802012165,7.644995673,22.09714611,130.9788011
2477,6.880556,2.790894146,7.669734083,22.06113322,130.9737593
2478,6.883333,2.785436763,7.671253657,22.04360282,130.9644716
2479,6.886111,2.779977472,7.672773189,22.02606522,130.9551897
2480,6.888889,2.766593096,7.951477517,21.65227525,131.1248458
2481,6.891667,2.942613213,7.49199319,21.85166783,131.1363694
2482,6.894444,3.118522865,7.03196147,22.05188428,131.1480704
2483,6.897222,2.991522771,7.360968414,21.8377796,131.1460652
2484,6.9,2.864523479,7.689752708,21.62389824,131.1440608
2485,6.902778,2.73752623,8.01830846,21.41024484,131.1420573
2486,6.905556,2.843073963,7.642880788,21.68278706,131.0444391
2487,6.908333,2.94859628,7.267975451,21.95483191,130.9470561
2488,6.911111,3.054168496,6.893334348,22.22656409,130.8498381
2489,6.913889,3.038355234,6.90936369,22.21879063,130.845536
2490,6.916667,3.044797557,6.911591473,22.20949327,130.8343844
2491,6.919444,3.05123702,6.913818536,22.20019873,130.8232374
2492,6.922222,3.060339752,6.930297717,22.17633477,130.8146437
2493,6.925,3.073880109,6.931321689,22.16577956,130.8062551
2494,6.927778,3.087419914,6.932345633,22.15522359,130.7978682
2495,6.930556,3.086672919,6.938804792,22.35382713,130.8176462
2496,6.933333,3.10071548,6.936239983,22.33350857,130.8105939
2497,6.936111,3.114762026,6.933674496,22.31318268,130.803553
2498,6.938889,3.133377935,6.935468252,22.43321029,130.7593476
2499,6.941667,3.137074184,6.936660498,22.35116808,130.7658067
2500,6.944444,3.140769058,6.937852133,22.26925991,130.7724581
2501,6.947222,3.14379146,6.95336746,22.23971466,130.7701977
2502,6.95,3.152795738,6.950830129,22.22820134,130.7627557
2503,6.952778,3.161799979,6.948292902,22.21668862,130.7553208
2504,6.955556,3.167770524,6.948004048,22.21071057,130.7517944
2505,6.958333,3.169903443,6.955369495,22.19993537,130.7471435
2506,6.961111,3.172036765,6.962737463,22.18915587,130.742491
2507,6.963889,3.171135009,6.97028672,22.17987926,130.7468065
2508,6.966667,3.177822701,6.970874981,22.17923102,130.7429268
2509,6.969444,3.184507977,6.971462999,22.17858313,130.7390482
2510,6.972222,3.175536072,6.978431289,22.18570871,130.7380042
2511,6.975,3.174625934,6.984117708,22.19329149,130.7339699
2512,6.977778,3.173715641,6.989804196,22.20087336,130.7299374
2513,6.980556,3.169506547,7.010367456,22.20152374,130.7293186
2514,6.983333,3.162188196,7.026778786,22.20698341,130.7257711
2515,6.986111,3.154867325,7.043196291,22.21244375,130.7222255
2516,6.988889,3.163751493,7.050456959,22.22551859,130.7189349
2517,6.991667,3.154770349,7.08286564,22.22238384,130.7164849
2518,6.994444,3.145796747,7.115265396,22.21924184,130.7140415
2519,6.997222,3.148884433,7.130936691,22.02304618,130.6807344
2520,7,3.147160681,7.124469478,22.0718493,130.6623624
2521,7.002778,3.145437045,7.118013646,22.12064149,130.6439941
2522,7.005556,3.15403712,7.129189758,22.12625127,130.6400804
2523,7.008333,3.183745107,7.121614915,22.13820016,130.6393306
2524,7.011111,3.213454611,7.11403258,22.1501517,130.6385864
2525,7.013889,3.218581633,7.115447639,22.19473891,130.6349427
2526,7.016667,3.222125634,7.128002862,22.2007465,130.6370421
2527,7.019444,3.243860961,7.129409969,22.21501157,130.6388387
2528,7.022222,3.253281322,7.132104526,22.22673882,130.6402878
2529,7.025,3.262700835,7.134799209,22.23846367,130.641743
2530,7.027778,3.263253451,7.147215671,22.24577973,130.6425387
2531,7.030556,3.265358848,7.161332766,22.24468198,130.6453919
2532,7.033333,3.267464096,7.175443953,22.2435844,130.6482464
2533,7.036111,3.279507794,7.191856628,22.60557017,130.6501619
2534,7.038889,3.323410007,7.208134662,22.60418654,130.6635467
2535,7.041667,3.367433594,7.224417192,22.60279421,130.6769424
2536,7.044444,3.377463356,7.236269231,22.66772255,130.6724486
2537,7.047222,3.386362745,7.250601029,22.64074725,130.6851333
2538,7.05,3.395262906,7.264938328,22.61377608,130.6978103
2539,7.052778,3.397375054,7.266446614,22.64395323,130.685639
2540,7.055556,3.411630956,7.27819831,22.63323133,130.6958901
2541,7.058333,3.425883717,7.289952101,22.62250674,130.7061393
2542,7.061111,3.304153573,7.784828194,22.02913696,130.8114115
2543,7.063889,3.182421944,8.27998096,21.43564797,130.9171776
2544,7.066667,3.060690149,8.775379548,20.84207631,131.0234267
2545,7.069444,3.066784295,8.63343077,21.3482964,131.0196357
2546,7.072222,3.072879804,8.491730764,21.85346079,131.0187268
2547,7.075,3.078974483,8.35033149,22.35736072,131.0207141
2548,7.077778,2.969891255,8.412263877,22.35832465,131.0181875
2549,7.080556,2.860766188,8.474101959,22.35928914,131.0156615
2550,7.083333,2.751638024,8.535823631,22.36025384,131.0131371
2551,7.086111,2.753585153,8.548905294,22.35076867,131.0109741
2552,7.088889,2.755532701,8.561986535,22.34128373,131.0088111
2553,7.091667,2.757480667,8.575067353,22.33179902,131.0066481
2554,7.094444,2.763473022,8.574608465,22.33497058,131.0021188
2555,7.097222,2.764982616,8.760191885,21.97986271,131.1681751
2556,7.1,2.766492717,8.946983706,21.62382277,131.3339561
2557,7.102778,2.756608314,8.954958467,21.62760756,131.3264548
2558,7.105556,2.75480574,8.958989309,21.43027723,131.1702137
2559,7.108333,2.75300395,8.963018236,21.23220044,131.015127
2560,7.111111,2.743551926,8.972187421,21.21680315,131.0204924
2561,7.113889,2.742408138,8.971743321,21.14417282,131.0386502
2562,7.116667,2.741264267,8.97129959,21.07166622,131.0569282
2563,7.119444,2.728876614,8.991679126,21.05355119,131.0531848
2564,7.122222,2.715778485,9.002499204,21.04356361,131.0495937
2565,7.125,2.702689798,9.013317317,21.03357821,131.0460047
2566,7.127778,2.706709758,8.897168532,21.24430226,130.9389605
2567,7.130556,2.710731589,8.781478008,21.45464742,130.8318378
2568,7.133333,2.714753846,8.666285279,21.66453958,130.7246754
2569,7.136111,2.716338237,8.649818409,22.17458461,130.9749405
2570,7.138889,2.718218016,8.646194898,21.91761045,130.8381699
2571,7.141667,2.720097736,8.642571328,21.65989249,130.7036969
2572,7.144444,2.721232967,8.612409548,21.68455729,130.6889468
2573,7.147222,2.725928178,8.601890578,21.68736573,130.677123
2574,7.15,2.730623217,8.591370881,21.69017482,130.6652959
2575,7.152778,2.616331345,8.595368177,21.67997164,130.6667745
2576,7.155556,2.617979818,8.758604115,21.342706,130.8167263
2577,7.158333,2.61962913,8.922896785,21.0046571,130.9664094
2578,7.161111,2.621784513,8.913708728,21.52301113,131.2341873
2579,7.163889,2.619886148,8.911643593,21.52832255,131.2271654
2580,7.166667,2.617989159,8.909578026,21.53363536,131.220142
2581,7.169444,2.621833867,8.923251177,21.56004472,131.1668895
2582,7.172222,2.620145595,8.893017541,21.14171894,130.8967778
2583,7.175,2.616092757,8.886592095,21.13447786,130.8851773
2584,7.177778,2.620033271,8.879998818,21.12979639,130.8830133
2585,7.180556,2.623974052,8.873405277,21.12511507,130.8808487
2586,7.183333,2.625772827,8.85753477,21.11679914,130.8764421
2587,7.186111,2.622738558,8.84464007,21.12448997,130.8685817
2588,7.188889,2.619705578,8.831744911,21.13218089,130.8607191
2589,7.191667,2.615683562,8.831963535,21.07067922,130.8731716
2590,7.194444,2.611661546,8.832182152,21.00926134,130.8856908
2591,7.197222,2.607636635,8.832400919,20.94788307,130.898285
2592,7.2,2.605167664,8.821946781,20.9443702,130.8873391
2593,7.202778,2.60335171,8.822782759,20.93103149,130.8820275
2594,7.205556,2.601535334,8.823618891,20.91769157,130.8767162
2595,7.208333,2.600643092,8.831581109,20.88374456,130.8763019
2596,7.211111,2.596653775,8.6501031,21.21483726,130.7035619
2597,7.213889,2.592662834,8.469769224,21.54503373,130.5305733
2598,7.216667,2.596367228,8.462604567,21.54287526,130.5261087
2599,7.219444,2.592536571,8.460572829,21.5368573,130.5180624
2600,7.222222,2.588704171,8.458540396,21.53083649,130.5100137
2601,7.225,2.58658578,8.455819035,21.52648489,130.5022188
2602,7.227778,2.589590909,8.450058736,21.52202024,130.4971654
2603,7.230556,2.592595699,8.444298476,21.51755595,130.4921124
2604,7.233333,2.594751572,8.451088226,21.50317188,130.4840487
2605,7.236111,2.603241669,8.623792265,21.15564423,130.6514029
2606,7.238889,2.611732001,8.797735163,20.8071529,130.8184816
2607,7.241667,2.609396777,8.819185521,20.77938792,130.8256871
2608,7.244444,2.622925449,8.803354202,20.78450687,130.8226198
2609,7.247222,2.636459233,8.787514853,20.78962927,130.8195502
2610,7.25,2.634908984,8.418920565,21.50644997,130.462879
2611,7.252778,2.644572743,8.413575221,21.50652491,130.4608545
2612,7.255556,2.6542372,8.408229017,21.5066004,130.4588295
2613,7.258333,2.658807739,8.420476097,21.49356513,130.4550955
2614,7.261111,2.672898561,8.414467274,21.48873921,130.4510286
2615,7.263889,2.686990555,8.408455758,21.48391263,130.4469596
2616,7.266667,2.688747988,8.42044283,21.45650615,130.4450625
2617,7.269444,2.698179553,8.41661692,21.45870454,130.4444232
2618,7.272222,2.707615133,8.412789103,21.4609043,130.4437848
2619,7.275,2.710509315,8.412969853,21.45562449,130.446901
2620,7.277778,2.710199913,8.415272915,21.45498597,130.4435297
2621,7.280556,2.709890505,8.417576189,21.45434734,130.4401576
2622,7.283333,2.704927267,8.431888452,21.44509713,130.4433147
2623,7.286111,2.702059526,8.44082375,21.43647519,130.4423143
2624,7.288889,2.699191612,8.449759202,21.42785294,130.4413134
2625,7.291667,2.700582756,8.457097668,21.42866409,130.4389469
2626,7.294444,2.701973581,8.464431861,21.4294781,130.4365811
2627,7.297222,2.70336509,8.471767061,21.43029558,130.4342144
2628,7.3,2.706330264,8.48099399,21.42805195,130.4372726
2629,7.302778,2.708100244,8.484432486,21.4258329,130.4368343
2630,7.305556,2.709870247,8.487872191,21.42361262,130.4363963
2631,7.308333,2.711633095,8.482799331,21.43427831,130.4396531
2632,7.311111,2.719504213,8.484611792,21.43739367,130.4388543
2633,7.313889,2.727375353,8.486424749,21.44050888,130.4380577
2634,7.316667,2.736990303,8.484957681,21.4546161,130.4320712
2635,7.319444,2.74810528,8.483758225,21.52767993,130.4108423
2636,7.322222,2.759224007,8.482558497,21.60090881,130.3897333
2637,7.325,3.230763746,8.260189048,21.60417544,130.388727
2638,7.327778,3.241807281,8.259294944,21.63675005,130.3817837
2639,7.330556,3.25285011,8.258401806,21.6693479,130.374875
2640,7.333333,3.252012113,8.298410873,21.63081031,130.3937601
2641,7.336111,3.254815681,8.29863034,21.63863863,130.3968853
2642,7.338889,3.269758816,8.300403575,21.64110094,130.3992481
2643,7.341667,3.265486493,8.316825523,21.79148522,130.4975723
2644,7.344444,3.261216252,8.333243906,21.94144751,130.5967991
2645,7.347222,3.257816166,8.370531215,21.22749841,130.4190582
2646,7.35,3.260317609,8.386383309,21.59766612,130.5806396
2647,7.352778,3.262818798,8.402237376,21.96682157,130.747851
2648,7.355556,3.260435321,8.419428284,21.41638463,130.4726695
2649,7.358333,3.250281847,8.441121139,21.30177466,130.4533212
2650,7.361111,3.240125,8.462822011,21.18711057,130.4343244
2651,7.363889,3.236307624,8.489341318,21.17824414,130.4390464
2652,7.366667,3.232490904,8.515861474,21.1693787,130.4437751
2653,7.369444,3.228676216,8.542372927,21.16051745,130.4485088
2654,7.372222,3.22936659,8.565178724,21.15504415,130.4547038
2655,7.375,3.231239046,8.57990046,21.53792343,130.6107877
2656,7.377778,3.233111112,8.594623125,21.91985816,130.7727972
2657,7.380556,3.23696575,8.615624566,21.91368987,130.7752608
2658,7.383333,3.240822404,8.63661762,21.90752329,130.7777268
2659,7.386111,3.244683849,8.657617403,21.90135396,130.7801969
2660,7.388889,3.257834595,8.660894034,21.66014458,130.6729708
2661,7.391667,3.270985664,8.664171355,21.41842761,130.5677518
2662,7.394444,3.28413232,8.667448184,21.17629681,130.4645845
2663,7.397222,3.302815289,8.676699474,21.53531231,130.4788798
2664,7.4,3.317430246,8.674263632,21.56842684,130.4817352
2665,7.402778,3.332046182,8.671827902,21.60155003,130.4846344
2666,7.405556,3.435982081,8.674610763,21.60874986,130.4915308
2667,7.408333,3.469735251,8.664355822,21.61777897,130.4965186
2668,7.411111,3.503493333,8.654090373,21.62681253,130.5015179
2669,7.413889,3.508629956,8.659213528,21.63380012,130.5101344
2670,7.416667,3.515638018,8.681980523,21.74881869,130.6219657
2671,7.419444,3.522642788,8.704751056,21.86343964,130.7345036
2672,7.422222,3.523510669,8.719031956,21.8720269,130.7391062
2673,7.425,3.527454458,8.718083795,21.55409994,130.6485038
2674,7.427778,3.531398292,8.7171356,21.23598265,130.5616482
2675,7.430556,3.496517999,8.736745987,21.2293254,130.5682587
2676,7.433333,3.498954603,8.751626301,21.2259379,130.5743677
2677,7.436111,3.501391468,8.766511949,21.22254949,130.5804845
2678,7.438889,3.253431026,8.897716454,21.40528545,130.6288472
2679,7.441667,3.286667982,8.906953341,21.40862383,130.6327327
2680,7.444444,3.319973059,8.916187041,21.41196141,130.6366209
2681,7.447222,3.324842041,8.933620148,21.21804499,130.6042468
2682,7.45,3.316588417,8.950472543,21.31439018,130.6256065
2683,7.452778,3.308334553,8.967324589,21.4107687,130.647402
2684,7.455556,3.320619495,8.974784001,21.41094505,130.6547778
2685,7.458333,3.323471313,8.984592101,21.40972125,130.6594651
2686,7.461111,3.326323983,8.99440315,21.40849805,130.6641582
2687,7.463889,3.333739629,9.001417113,21.41212625,130.6700511
2688,7.466667,3.341157145,9.008430931,21.41575375,130.6759484
2689,7.469444,3.348573859,9.01544208,21.41937922,130.6818478
2690,7.472222,3.354174645,9.016965771,21.42271125,130.6882687
2691,7.475,3.359775654,9.018488953,21.42604347,130.6946932
2692,7.477778,3.365376886,9.020011626,21.42937587,130.7011213
2693,7.480556,3.390135851,9.017200365,21.43410722,130.7053352
2694,7.483333,3.398532385,9.027892365,21.42757976,130.7153083
2695,7.486111,3.40693293,9.038587025,21.42105079,130.7252867
2696,7.488889,3.405595885,9.03771526,21.43044587,130.7309413
2697,7.491667,3.418513403,9.038300786,21.4267871,130.7481948
2698,7.494444,3.422883928,9.033637705,21.43406036,130.7581474
2699,7.497222,3.422590799,9.049184933,21.42418906,130.7722127
2700,7.5,3.422297633,9.064730496,21.41431936,130.7862816
2701,7.502778,3.424529865,9.078060555,21.40637055,130.8000044
2702,7.505556,3.426761889,9.091389108,21.39842252,130.8137297
2703,7.508333,3.428992902,9.104711356,21.39047814,130.8274525
2704,7.511111,3.417968821,9.128209715,21.3845481,130.8416372
2705,7.513889,3.414309677,9.13789255,21.38918613,130.8464503
2706,7.516667,3.410650395,9.147570007,21.39383124,130.8512634
2707,7.519444,3.405628483,9.16589965,21.38664092,130.8874952
2708,7.522222,3.25692878,9.244345999,21.39296477,130.8858496
2709,7.525,3.108130364,9.322626355,21.39929405,130.8842028
2710,7.527778,3.076467935,9.338305071,21.39925449,130.8974278
2711,7.530556,3.0625168,9.368469719,21.28262107,130.8886178
2712,7.533333,3.048572859,9.39862826,21.16605064,130.8801081
2713,7.536111,3.04175667,9.407548794,21.33530499,130.9208545
2714,7.538889,3.034941346,9.416471612,21.50463145,130.9629048
2715,7.541667,3.028126886,9.425396716,21.67402664,131.0062689
2716,7.544444,3.015422609,9.435159485,21.67435051,131.0094571
2717,7.547222,3.014938298,9.434352049,21.82903703,131.1880568
2718,7.55,3.014454565,9.433543663,21.98290053,131.3668494
2719,7.552778,3.009102568,9.443238284,21.98099248,131.3804469
2720,7.555556,3.006145649,9.448322855,21.80141281,131.219833
2721,7.558333,3.003190232,9.453403724,21.62104036,131.0597879
2722,7.561111,3.003317749,9.441004551,22.01400827,131.4166547
2723,7.563889,3.000358598,9.450567265,21.61730688,131.242751
2724,7.566667,2.997398981,9.460127098,21.21935099,131.0743218
2725,7.569444,2.997394985,9.444793706,21.23442837,131.0807909
2726,7.572222,2.972362405,9.451004665,21.23141602,131.0956699
2727,7.575,2.947343473,9.457214008,21.22840445,131.1105497
2728,7.577778,2.975539414,9.459674419,21.49882123,131.2327467
2729,7.580556,3.00378419,9.462132762,21.76869925,131.357643
2730,7.583333,3.032067729,9.464588156,22.0379308,131.4851818
2731,7.586111,3.024676015,9.470589167,22.02837467,131.4972717
2732,7.588889,3.015517816,9.479605263,22.01998537,131.5054718
2733,7.591667,3.006358973,9.48861999,22.01159748,131.5136717
2734,7.594444,2.997821877,9.507141037,21.99495374,131.5236975
2735,7.597222,2.992809533,9.508427348,21.98635574,131.5339463
2736,7.6,2.987795589,9.50971263,21.97775876,131.5441943
2737,7.602778,2.978716061,9.508580926,21.95634251,131.5521931
2738,7.605556,3.189984707,9.412471557,21.96078113,131.5634408
2739,7.608333,3.401027496,9.316112331,21.965219,131.5746981
2740,7.611111,3.384683779,9.321523975,21.9597152,131.5872847
2741,7.613889,3.386490092,9.321616963,21.95779056,131.5953239
2742,7.616667,3.388297025,9.321708968,21.95586635,131.6033645
2743,7.619444,3.373839784,9.337223783,21.95524546,131.6143412
2744,7.622222,3.399261778,9.326089471,21.59125194,131.4562232
2745,7.625,3.424688819,9.314944281,21.22620968,131.3027447
2746,7.627778,3.186060563,9.31643285,21.220789,131.3127655
2747,7.630556,3.18609147,9.314661777,21.58151512,131.4836349
2748,7.633333,3.186121606,9.312889955,21.9410972,131.6595201
2749,7.636111,3.243873695,9.306019662,21.69649924,131.5547819
2750,7.638889,3.301461551,9.299146996,21.45145748,131.4521206
2751,7.641667,3.358886001,9.292271956,21.20597922,131.3515419
2752,7.644444,3.365958575,9.289200015,21.20771162,131.3578325
2753,7.647222,3.174886278,9.35565993,21.18020806,131.3785733
2754,7.65,2.982876013,9.422098929,21.15270439,131.3993185
2755,7.652778,3.13064394,9.426398353,21.14619619,131.4093415
2756,7.655556,3.116307065,9.420069685,21.15668795,131.4188446
2757,7.658333,3.117436035,9.415559165,21.23059854,131.4554137
2758,7.661111,3.118565471,9.411046887,21.30451613,131.4922763
2759,7.663889,3.119694965,9.406534475,21.37841383,131.5294195
2760,7.666667,3.121532831,9.386877306,21.39805404,131.5326932
2761,7.669444,3.111444755,9.38749793,21.39812269,131.54295
2762,7.672222,3.101350352,9.388119236,21.39819032,131.5532171
2763,7.675,3.11004651,9.395264472,21.35729957,131.5885724
2764,7.677778,3.107469829,9.390803024,21.35674222,131.5997441
2765,7.680556,3.104893242,9.386340687,21.35618425,131.6109216
2766,7.683333,3.10243918,9.386725635,21.34994114,131.6273728
2767,7.686111,3.093939059,9.388328043,21.34358307,131.6393635
2768,7.688889,3.085438442,9.389931375,21.33722323,131.6513588
2769,7.691667,3.079079623,9.396985546,21.33051026,131.6657255
2770,7.694444,3.072766627,9.402744315,21.3280976,131.6762804
2771,7.697222,3.066452659,9.408501022,21.32568751,131.6868515
2772,7.7,3.072006314,9.396203811,21.33914517,131.6969645
2773,7.702778,3.067487039,9.396527641,21.33900071,131.7083505
2774,7.705556,3.062967167,9.396852008,21.33885489,131.7197432
2775,7.708333,2.598303515,9.555213511,21.34425251,131.7286753
2776,7.711111,2.597198307,9.55789831,21.34287207,131.7457304
2777,7.713889,2.596092225,9.560590007,21.34148468,131.7627961
2778,7.716667,2.589195179,9.554155841,21.36325387,131.7685545
2779,7.719444,2.592592761,9.554076491,21.36949997,131.7781181
2780,7.722222,2.595989815,9.554002505,21.37574405,131.7876989
2781,7.725,2.601145195,9.552785919,21.3805537,131.7969182
2782,7.727778,2.606370854,9.547645027,21.40540794,131.8230611
2783,7.730556,2.611596592,9.542504498,21.43024656,131.8492373
2784,7.733333,2.611738487,9.55627387,21.42856445,131.86875
2785,7.736111,2.611881105,9.570052977,21.42687717,131.8883027
2786,7.738889,2.612024396,9.583836861,21.4251853,131.9078886
2787,7.741667,2.624446586,9.585350475,21.43330452,131.9234644
2788,7.744444,2.771897344,9.530179273,21.67972327,132.023228
2789,7.747222,2.919278521,9.47488834,21.92604552,132.125795
2790,7.75,2.928288611,9.482213772,21.94011326,132.1379482
2791,7.752778,2.977881581,9.498608547,21.9453306,132.147315
2792,7.755556,3.027430705,9.515005317,21.9505458,132.1567068
2793,7.758333,3.024590686,9.528071747,22.02808847,132.3060524
2794,7.761111,3.011753549,9.539132271,22.00376922,132.2510348
2795,7.763889,2.998918766,9.550191786,21.97941631,132.1958592
2796,7.766667,2.993473559,9.567941895,21.9837312,132.207736
2797,7.769444,2.989131579,9.581424307,21.75577991,132.1227861
2798,7.772222,2.984788414,9.594912842,21.52757399,132.0395579
2799,7.775,2.980016699,9.608137482,22.09848719,132.3585837
2800,7.777778,2.974476035,9.613015266,21.84162247,132.2081268
2801,7.780556,2.968935004,9.617893124,21.58402245,132.0598744
2802,7.783333,2.968070752,9.627920847,21.60691768,132.0630238
2803,7.786111,2.975292184,9.630639502,21.62526151,132.0703248
2804,7.788889,2.982513382,9.633358562,21.64360389,132.0776485
2805,7.791667,2.985119884,9.636689239,21.65937292,132.0837153
2806,7.794444,2.989983776,9.642200502,21.67702422,132.0913215
2807,7.797222,2.994849889,9.647714234,21.69468053,132.0989556
2808,7.8,2.991057915,9.657097294,21.70884931,132.1065866
2809,7.802778,2.987266038,9.666480505,21.72301832,132.1142394
2810,7.805556,2.983474257,9.675863869,21.73718755,132.1219139
2811,7.808333,2.845991641,9.723288772,21.72843996,132.1295707
2812,7.811111,2.889360474,9.720036157,21.73432644,132.1412739
2813,7.813889,3.138673388,9.640789889,21.73107395,132.1518161
2814,7.816667,3.143223448,9.650547304,21.73963673,132.1636231
2815,7.819444,3.147773417,9.660301818,21.74819301,132.1754417
2816,7.822222,3.130129729,9.714071377,21.73999802,132.1828289
2817,7.825,3.140725728,9.715425234,21.75119585,132.195988
2818,7.827778,3.151322334,9.716775579,21.76239467,132.2091601
2819,7.830556,3.135242934,9.762033223,21.76904168,132.2175023
2820,7.833333,3.138542897,9.777973313,21.77785221,132.2291562
2821,7.836111,3.141844925,9.793917056,21.78666448,132.2408337
2822,7.838889,3.152031775,9.809981767,21.58675164,132.190427
2823,7.841667,3.165333047,9.81651076,21.60710677,132.1997585
2824,7.844444,3.178629879,9.823036391,21.62745604,132.2091208
2825,7.847222,3.196593802,9.834733608,21.63749472,132.2155005
2826,7.85,3.208325601,9.84392937,21.64536937,132.2206358
2827,7.852778,3.220058163,9.853124361,21.65324402,132.2257814
2828,7.855556,3.230381748,9.85604846,21.66569597,132.2361327
2829,7.858333,3.383983957,9.797045926,21.67269291,132.2432176
2830,7.861111,3.537558856,9.737991283,21.67969033,132.2503163
2831,7.863889,3.542070404,9.741265219,21.69353861,132.2573724
2832,7.866667,3.560471395,9.743210334,21.70226697,132.2637588
2833,7.869444,3.578865318,9.745156295,21.71098907,132.2701544
2834,7.872222,3.605896288,9.749221786,21.93890858,132.351185
2835,7.875,3.62915164,9.749457751,21.94305574,132.3565772
2836,7.877778,3.652406943,9.749695557,21.94720226,132.3619787
2837,7.880556,3.650985647,9.761669762,21.95896321,132.3725004
2838,7.883333,3.599905697,9.778394052,21.85566183,132.3474036
2839,7.886111,3.548710364,9.795128553,21.75232267,132.3225963
2840,7.888889,3.583775963,9.808773031,21.76862622,132.3204649
2841,7.891667,3.618820966,9.822416622,21.78492952,132.3183393
2842,7.894444,3.653832753,9.836054415,21.80122671,132.3162203
2843,7.897222,3.643987719,9.858724127,21.79811148,132.3252707
2844,7.9,3.642844821,9.876450591,21.79770367,132.3356861
2845,7.902778,3.641702184,9.89417609,21.79729411,132.3461085
2846,7.905556,3.622406009,9.921318618,21.79272333,132.3506584
2847,7.908333,3.723912831,9.600478131,22.02828839,132.3587065
2848,7.911111,3.826036954,9.280719712,22.26215787,132.3667654
2849,7.913889,3.823222169,9.303395428,22.30722425,132.4393108
2850,7.916667,3.814588207,9.329092477,22.30298039,132.4478944
2851,7.919444,3.805958077,9.354778537,22.29873691,132.4564804
2852,7.922222,3.799614471,9.363610436,22.30215559,132.4663834
2853,7.925,3.79836432,9.378290778,22.32153063,132.4762819
2854,7.927778,3.797114635,9.392971303,22.34089755,132.4862109
2855,7.930556,3.712751868,9.667894617,22.32406548,132.5442417
2856,7.933333,3.719438421,9.669582052,22.33127954,132.5479886
2857,7.936111,3.726127513,9.671271024,22.33849531,132.5517426
2858,7.938889,3.740194961,9.661132247,22.35378307,132.5659428
2859,7.941667,3.779125912,9.654651338,22.35373405,132.574414
2860,7.944444,3.818040324,9.648171648,22.35367921,132.5828875
2861,7.947222,3.767788314,9.802816707,22.2594157,132.5917625
2862,7.95,3.717638863,9.957684654,22.16482298,132.6006432
2863,7.952778,3.667591705,10.11277649,22.06990031,132.6095299
2864,7.955556,3.82560924,9.680225597,22.3450628,132.6378226
2865,7.958333,3.750051555,9.912998736,22.19309072,132.6484211
2866,7.961111,3.674678707,10.14628995,22.04041531,132.6590274
2867,7.963889,3.819272976,9.716479557,22.33833918,132.6720882
2868,7.966667,3.808216058,9.744773061,22.32333812,132.687981
2869,7.969444,3.797162593,9.773064014,22.30833203,132.7038715
2870,7.972222,3.80157625,9.775948927,22.32611444,132.6996203
2871,7.975,3.497387847,9.895221347,22.26236654,132.7138309
2872,7.977778,3.492636822,9.9289808,22.24074867,132.7329296
2873,7.980556,3.48122234,9.963150681,22.22075597,132.7440634
2874,7.983333,3.469811522,9.997310998,22.20076686,132.7551985
2875,7.986111,3.499411093,10.02001202,22.19575476,132.7703787
2876,7.988889,3.52887754,10.04271611,22.19073684,132.7855717
2877,7.991667,3.55821167,10.06542327,22.18571313,132.8007775
2878,7.994444,3.552427268,10.09906433,22.325637,132.8857608
2879,7.997222,3.546641184,10.13271753,22.46547418,132.9719213
2880,8,3.540855499,10.16637077,22.60517155,133.0592273
2881,8.002778,3.553955324,10.18665628,22.59270014,133.0703179
2882,8.005556,3.554592588,10.19342995,22.37686797,132.9873485
2883,8.008333,3.555229547,10.20020123,22.16100752,132.9061315
2884,8.011111,3.547182734,10.22627864,22.16025443,132.9166089
2885,8.013889,3.551739895,10.23680572,22.39177275,133.0316949
2886,8.016667,3.556297741,10.24733348,22.62301696,133.1491325
2887,8.019444,3.567475878,10.00222188,22.87457759,132.8463627
2888,8.022222,3.578659538,9.759002308,23.12427575,132.5449865
2889,8.025,3.589844694,9.517746906,23.37203706,132.2451156
2890,8.027778,3.655593156,9.27930753,23.56361422,132.244859
2891,8.030556,3.623957048,9.775291531,22.88622177,132.623632
2892,8.033333,3.592430184,10.27885597,22.20176372,133.0022918
2893,8.036111,3.676271774,10.03147762,22.38823848,133.0169355
2894,8.038889,3.566123531,10.43581837,22.10797341,133.0380807
2895,8.041667,3.456674735,10.84188113,21.82529105,133.0592446
2896,8.044444,3.460633239,10.86035437,21.83941107,133.1001759
2897,8.047222,3.468162667,10.86958546,21.8452969,133.1138959
2898,8.05,3.475692193,10.87881923,21.85117799,133.1276339
2899,8.052778,3.480522187,10.89130682,21.85787245,133.1392662
2900,8.055556,3.483883054,10.90109458,21.86545636,133.1536156
2901,8.058333,3.487242903,10.91087963,21.87303218,133.167976
2902,8.061111,3.493731714,10.93335675,21.86917884,133.1881987
2903,8.063889,3.492206546,10.94924654,21.88103922,133.201488
2904,8.066667,3.490681321,10.96513768,21.89289544,133.2148117
2905,8.069444,3.471265243,10.33743431,23.24665084,132.5343249
2906,8.072222,3.473163341,10.69161068,22.5621993,132.8955829
2907,8.075,3.475061486,11.05144703,21.87358565,133.2553598
2908,8.077778,3.491112886,11.05705918,21.87997666,133.2639291
2909,8.080556,3.485205016,11.0727594,21.88793331,133.2783499
2910,8.083333,3.479298792,11.08845613,21.89588066,133.2927866
2911,8.086111,3.484215993,11.10559186,21.89960257,133.3059826
2912,8.088889,3.484028918,11.12209109,21.9015681,133.3204772
2913,8.091667,3.483841717,11.13859277,21.90352966,133.3349906
2914,8.094444,3.430110813,11.15855055,21.90127867,133.3468499
2915,8.097222,3.376139556,11.17851808,21.89902429,133.3587298
2916,8.1,3.321945954,11.19848816,21.89676732,133.3706259
2917,8.102778,3.331224457,11.20845079,21.90116156,133.3832696
2918,8.105556,3.340501971,11.21841511,21.90555014,133.3959329
2919,8.108333,3.34977516,11.22837754,21.90993149,133.4086112
2920,8.111111,3.362039465,11.2392979,21.91096785,133.4290457
2921,8.113889,3.361026611,11.25575735,21.91103972,133.4358012
2922,8.116667,3.360017944,11.27221512,21.91111094,133.4425659
2923,8.119444,2.925522767,11.49262282,21.90427982,133.457774
2924,8.122222,2.938519229,11.49851281,21.90371873,133.4672398
2925,8.125,2.951514118,11.50440311,21.90315689,133.4767122
2926,8.127778,2.950532714,11.52263714,21.89582216,133.4882824
2927,8.130556,3.251879564,11.42541983,21.89365831,133.497936
2928,8.133333,3.551833784,11.32807184,21.89149378,133.5075908
2929,8.136111,3.121188136,11.53997001,21.88884154,133.5167568
2930,8.138889,3.131578286,11.54775098,21.88379213,133.5238446
2931,8.141667,3.264112436,11.60095339,21.80843878,133.5331115
2932,8.144444,3.408405737,11.5397402,21.72411012,133.5264137
2933,8.147222,3.552685071,11.47825611,21.63979218,133.5198724
2934,8.15,3.467010771,11.53669903,21.63131621,133.5266088
2935,8.152778,3.381308139,11.59504287,21.62283938,133.533348
2936,8.155556,3.295576327,11.65328791,21.61436171,133.5400902
2937,8.158333,3.261867954,11.65982477,21.60757382,133.54844
2938,8.161111,3.228060131,11.66636629,21.60078147,133.5567966
2939,8.163889,3.194164729,11.67291012,21.5939871,133.565157
2940,8.166667,3.201181472,11.67812403,21.58700677,133.5734592
2941,8.169444,3.208194881,11.68333713,21.58002816,133.581761
2942,8.172222,3.215210008,11.68855318,21.57304625,133.5900683
2943,8.175,3.208703434,11.71075893,21.56005623,133.6020789
2944,8.177778,3.226012255,11.71086607,21.55391167,133.612131
2945,8.180556,3.243316716,11.71096811,21.54776644,133.6221861
2946,8.183333,3.266299617,11.68893842,21.56061108,133.6309824
2947,8.186111,3.271041775,11.69204098,21.55559885,133.642263
2948,8.188889,3.275784431,11.69514299,21.55058671,133.6535465
2949,8.191667,3.525342082,10.89452268,22.10464391,133.6655789
2950,8.194444,3.408725719,11.29006557,21.82904047,133.6753887
2951,8.197222,3.292825562,11.68753603,21.55079477,133.6852062
2952,8.2,3.393868591,11.69145905,21.53532414,133.7021516
2953,8.202778,3.4006137,11.67852428,21.54090596,133.7142926
2954,8.205556,3.407359094,11.66558957,21.54648782,133.726437
2955,8.208333,3.461798992,11.5445004,21.6176681,133.7386236
2956,8.211111,3.469612151,11.5402618,21.61588246,133.7510115
2957,8.213889,3.477425217,11.5360229,21.61409752,133.763404
2958,8.216667,3.443142347,11.6520949,21.5240432,133.7863285
2959,8.219444,3.478922545,11.58697561,21.66906978,133.8396556
2960,8.222222,3.514717297,11.52182175,21.81415836,133.8935906
2961,8.225,3.518160533,11.51580261,21.82133277,133.9052652
2962,8.227778,3.52696355,11.51014708,21.82043196,133.9193467
2963,8.230556,3.535767647,11.50449122,21.81953043,133.933433
2964,8.233333,3.538103518,11.50734846,21.82894254,133.9810546
2965,8.236111,3.540678946,11.50834766,21.82518496,133.9890175
2966,8.238889,3.543254503,11.50934807,21.82142609,133.9969826
2967,8.241667,3.554808551,11.51871162,22.25764084,134.3634015
2968,8.244444,3.553594969,11.52566733,22.01601671,134.2129178
2969,8.247222,3.552380858,11.53262822,21.77362354,134.0640785
2970,8.25,3.561098559,11.53392417,21.76859467,134.077644
2971,8.252778,3.55917929,11.54140726,21.76145025,134.0992761
2972,8.255556,3.557259889,11.54889268,21.75430288,134.120906
2973,8.258333,3.56385304,12.14978346,20.67307086,134.618161
2974,8.261111,3.564921761,12.16235282,20.65579961,134.6392725
2975,8.263889,3.565990216,12.1749236,20.63852733,134.6603815
2976,8.266667,3.562014008,12.17420275,20.64321939,134.6696475
2977,8.269444,3.564862936,12.18065126,20.63200251,134.6879598
2978,8.272222,3.567712587,12.18710095,20.62078294,134.7062768
2979,8.275,3.568358543,12.19104823,20.60823415,134.7191414
2980,8.277778,3.56900416,12.19499426,20.59568632,134.732005
2981,8.280556,3.569649438,12.19893903,20.58313945,134.7448677
2982,8.283333,3.572657641,11.59521655,21.67615135,134.2678806
2983,8.286111,3.578813693,11.58565072,21.68223449,134.2804529
2984,8.288889,3.58496922,11.57608534,21.68831742,134.2930259
2985,8.291667,3.490932277,11.53418004,21.76752259,134.2701738
2986,8.294444,3.496591301,11.53047762,21.76550865,134.2835634
2987,8.297222,3.498550421,11.53633544,21.76253809,134.2961741
2988,8.3,3.500509187,11.54219489,21.75956571,134.3087842
2989,8.302778,3.502467599,11.54805598,21.75659153,134.3213935
2990,8.305556,3.504831977,11.55367439,21.75234197,134.3263222
2991,8.308333,3.511336465,11.55282121,21.75521722,134.3448483
2992,8.311111,3.517843711,11.55196722,21.75809187,134.3633792
2993,8.313889,3.523586362,11.55538467,21.75584147,134.3826463
2994,8.316667,3.526916365,11.56263673,21.75278242,134.3955408
2995,8.319444,3.530245165,11.56988692,21.74972331,134.4084338
2996,8.322222,3.529805553,11.57844938,21.74519144,134.4236131
2997,8.325,3.542332759,11.58393472,21.74190745,134.4359405
2998,8.327778,3.554862009,11.58942086,21.73862246,134.4482698
2999,8.330556,3.600380281,11.49509743,21.80082008,134.4623427
3000,8.333333,3.605395022,11.50147634,21.79898976,134.4763327
3001,8.336111,3.610411556,11.50785862,21.79715823,134.4903329
3002,8.338889,3.616096198,11.51688073,21.78908119,134.4999856
3003,8.341667,3.623350629,11.52306985,21.78177032,134.5097408
3004,8.344444,3.63060209,11.52925704,21.77446218,134.5194924
3005,8.347222,3.62901984,11.53189163,21.78062848,134.5313146
3006,8.35,3.639164243,11.53921298,21.67457093,134.5096265
3007,8.352778,3.649309078,11.54653414,21.56853747,134.4883083
3008,8.355556,3.658518794,11.55102863,21.56331829,134.4970736
3009,8.358333,3.667725,11.55552013,21.55810284,134.5058352
3010,8.361111,3.676934325,11.56001187,21.55288736,134.5145996
3011,8.363889,3.673093354,11.57033985,21.55047046,134.522394
3012,8.366667,3.683301484,11.57556789,21.93212244,134.7690539
3013,8.369444,3.69350627,11.58079243,22.3121556,135.0207616
3014,8.372222,3.700895978,11.58804305,21.93103632,134.6204674
3015,8.375,3.71316615,11.58595042,21.74443948,134.5888707
3016,8.377778,3.725437453,11.58385797,21.55810486,134.5586185
3017,8.380556,3.736462135,11.59054714,22.3534788,135.081488
3018,8.383333,3.746722612,11.59422243,22.15937843,134.8958726
3019,8.386111,3.756987468,11.59789851,21.96429403,134.7106751
3020,8.388889,3.771298236,11.60489554,21.92200833,134.7284375
3021,8.391667,3.78561114,11.61189225,21.87975626,134.7462041
3022,8.394444,3.799921028,11.61888613,21.837553,134.7639685
3023,8.397222,3.808564256,11.62986835,21.89068903,134.774926
3024,8.4,3.817207513,11.64085457,21.94386456,134.7860463
3025,8.402778,3.825850799,11.65184478,21.99707948,134.7973301
3026,8.405556,3.830611712,11.66058023,21.95132046,134.806934
3027,8.408333,3.835371001,11.66931348,21.9056167,134.8165697
3028,8.411111,3.840132093,11.67805083,21.85993526,134.8262438
3029,8.413889,3.838039455,11.68248954,21.64989126,134.736798
3030,8.416667,3.837825808,11.69900488,21.65069165,134.7451938
3031,8.419444,3.837613452,11.71551374,21.65149018,134.7535891
3032,8.422222,3.843403267,11.73607854,21.64118936,134.7681978
3033,8.425,3.900232117,11.54849659,21.88999943,134.8245867
3034,8.427778,3.957212136,11.36126445,22.13826015,134.8814831
3035,8.430556,3.963886141,11.36666761,22.63925898,135.2469333
3036,8.433333,3.955455566,11.69848202,22.07845277,135.5099071
3037,8.436111,3.947023313,12.03311749,21.51497866,135.7727426
3038,8.438889,3.938871247,12.06367775,21.01517155,135.4459617
3039,8.441667,3.937780212,12.08265401,21.02205494,135.4754558
3040,8.444444,3.936690185,12.10162218,21.02892135,135.5049243
3041,8.447222,3.935286339,12.12194169,21.03063555,135.5192206
3042,8.45,3.931820348,11.81448469,21.61306056,135.2560035
3043,8.452778,3.928354375,11.5098697,22.19299531,134.9924374
3044,8.455556,3.933321321,11.79051278,21.69343952,135.2371597
3045,8.458333,3.938287332,12.07345602,21.19204612,135.4814085
3046,8.461111,3.791267377,12.54220578,20.88826763,135.4915063
3047,8.463889,3.790389652,12.5500992,20.90628942,135.5144854
3048,8.466667,3.789512082,12.55799193,20.92429177,135.5374462
3049,8.469444,3.785144691,12.57411359,20.93257259,135.5480447
3050,8.472222,3.783767777,12.60178068,20.93360512,135.5601795
3051,8.475,3.78239606,12.62945628,20.93461892,135.5723247
3052,8.477778,3.775660792,12.6423127,20.95828711,135.5780449
3053,8.480556,3.785199864,12.64341677,20.97812086,135.5801374
3054,8.483333,3.794736908,12.64452044,20.99794687,135.5822429
3055,8.486111,3.789714495,12.54430026,21.22512687,135.4975574
3056,8.488889,3.788587376,12.60547521,21.4216104,135.7463899
3057,8.491667,3.787460466,12.6667564,21.61690927,135.9978173
3058,8.494444,3.780590245,12.57943154,21.80736828,135.9167149
3059,8.497222,3.784140281,12.5924086,21.64787043,135.7454795
3060,8.5,3.787692116,12.60538519,21.48770724,135.5742936
3061,8.502778,3.780166894,12.6169113,21.92909616,135.9531163
3062,8.505556,3.775455914,12.63905151,21.9489925,135.9353389
3063,8.508333,3.770746383,12.66118142,21.96886859,135.9175767
3064,8.511111,3.766119249,12.68235094,21.64482226,135.509882
3065,8.513889,3.730180402,12.78490185,21.59160945,135.4749676
3066,8.516667,3.694247732,12.88741278,21.5384271,135.440081
3067,8.519444,3.67412465,12.92457563,21.54187169,135.4081571
3068,8.522222,3.667782216,12.94986795,21.56461472,135.3784354
3069,8.525,3.661456739,12.97515635,21.58734902,135.3487252
3070,8.527778,3.644454552,13.02685224,21.58420164,135.3206599
3071,8.530556,3.636577959,13.05975511,21.59433557,135.2950976
3072,8.533333,3.628704639,13.09264246,21.60445829,135.2695535
3073,8.536111,3.58068473,13.14654643,21.58919036,135.2432979
3074,8.538889,3.588796767,13.12921159,21.81476101,135.4031475
3075,8.541667,3.596909162,13.11187742,22.03924503,135.563353
3076,8.544444,3.587721387,13.12674142,21.6850736,135.1394544
3077,8.547222,3.575387761,13.1583077,21.68717348,135.1168379
3078,8.55,3.563054511,13.1898755,21.68926133,135.0942341
3079,8.552778,3.561434423,13.22401811,21.68989637,135.0801589
3080,8.555556,3.547110561,13.25651578,21.70398184,135.082741
3081,8.558333,3.527687958,13.30255959,21.73996035,135.4466258
